Workbook
Name zsupermetrics_ru0GDtbZzDLHQOQtJJ6K08MvUDyyp7: #REF!
Name zsupermetrics_lx4cNai7gT6tH4j08ZRkI21Qlpjioi: #REF!
Name rdataslayer_d70e473bcafe40a3aa834ce157fb2ba3: #REF!
Name zsupermetrics_refreshAll: #REF!
Name zsupermetrics_8xojRjNDjo2jWHGDWjFEhflhyIq3Hq: #REF!
Name zsupermetrics_FEamnpN5FsVYF0RtUTXAwunZ388Tkc: #REF!
Name zsupermetrics_n3GtLgiKpTmd2pYmQNMuq6TPD0qE0b: #REF!
Name rdataslayer_3753ddf3234e496aa261974a0222e193: #REF!
Name zsupermetrics_refreshAllSilent: #REF!
Name zsupermetrics_BioPyGBzcBsy60UCQmPcTuFReEmghI: #REF!
Name zsupermetrics_qWp7V908pNEYMtfv8QZvSTeDnBAHOU: #REF!
Name zsupermetrics_Mgms9p0QzysYvrIhnsKACeVBVxfIEO: #REF!
Name zsupermetrics_forceRefresh: #REF!
Name zsupermetrics_wbYMmT0YL9bAN0yhimW0ziPFnia9Dx: #REF!
Name zsupermetrics_iNpyVy90bWCI0yUaFQpxOtzWMa6sW4: #REF!
Name zsupermetrics_9i4W4hgd80uRpQLMeX0eRnESN8gjyv: #REF!
Name zsupermetrics_5bmwtOpHUbSYmDMeuCPkrxaojTprPP: #REF!
Name rdataslayer_42b112e4e4be4305bb4c1be75e2dd549: #REF!
Name zsupermetrics_SGBxROnInO9rFyh3H7j2Lldx0Bdc5v: #REF!
Name zsupermetrics_pxuhRTEmIU93xSgKclyxajD0fCZ6rF: #REF!
Name rdataslayer_4a0f150f4f2f4e4f85c890c75b7a1fa4: #REF!
Name rdataslayer_adf57e64065742daa5b4161161b1c3ca: #REF!
Name zsupermetrics_HgZqhorObHOtZHuyJjpmyYaEPoYntx: #REF!
Name zsupermetrics_NugLlrQxlKiqhxQae8EFpITBm1pLCj: #REF!
Name zsupermetrics_xwoIpANxRm908eDp5oKTwQpEI8gvD4: #REF!
Name zsupermetrics_YsFuuYtr8vOdNXCCPiFJIO38NP4b2T: #REF!
Name zsupermetrics_DQl8lUbpTRu3fayaJJi7lVfOGKjNU4: #REF!
Name zsupermetrics_YVuzfmsfdurz7Ldl84Rfns8oka6LsS: #REF!
Name zsupermetrics_4VkB7ij7WO0JjKBEgvjB2GHjSy2Egm: #REF!

Sheet PP - Data
B1: 2021 | H1: 2022 | T1: 2023 | AF1: 2024
A2: Post-purchase Survey | B2: 44392 | C2: 44419 | D2: 44446 | E2: 44473 | F2: 44527 | G2: 44554 | H2: 44581 | I2: 44608 | J2: 44635 | K2: 44662 | L2: 44689 | M2: 44716 | N2: 44743 | O2: 44797 | P2: 44824 | Q2: 44851 | R2: 44878 | S2: 44905 | T2: 44932 | U2: 44959 | V2: 44986 | W2: 45040 | X2: 45057 | Y2: 45098 | Z2: 45113 | AA2: 45155 | AB2: 45175 | AC2: 45217 | AD2: 45246 | AE2: 45266 | AF2: 45310 | AG2: 45330 | AH2: 45357 | AI2: 45399 | AJ2: 45427 | AK2: 45448 | AL2: 45484 | AM2: 45511 | AN2: 45540 | AO2: 45573 | AP2: 45607 | AQ2: 45637 | AR2: 45664 | AS2: 45689 | AT2: 45717 | AU2: 45748 | AV2: 45778 | AW2: 45809 | AX2: 45839 | AY2: 45870 | AZ2: 45901 | BA2: 45932 | BB2: 45962 | BC2: 45992 | BD2: 46023 | BE2: 46054 | BF2: 46082 | BG2: 46113 | BH2: 46143 | BI2: 46174 | BJ2: 46204 | BK2: 46235 | BL2: 46266 | BM2: 46296 | BN2: 46327 | BO2: 46357 | BP2: Total | BQ2: %
A3: DTC Orders (wo renewals) | B3: 2330 | C3: 945 | D3: 415 | E3: 1396 | F3: 1582 | G3: 1380 | H3: 1681 | I3: 1212 | J3: 3305 | K3: 4369 | L3: 3561 | M3: 2262 | N3: 450 | O3: 485 | P3: 774 | Q3: 7298 | R3: 18144 | S3: 6148 | T3: 5443 | U3: 5311 | V3: 7268 | W3: 8490 | X3: 9520 | Y3: 4982 | Z3: 5884 | AA3: 5901 | AB3: 3889 | AC3: 7475 | AD3: 30028 | AE3: 22951 | AF3: 3946 | AG3: 7716 | AH3: 6487 | AI3: 3315 | AJ3: 4414 | AK3: 4049 | AL3: 3213 | AM3: 2306 | AN3: 1497 | AO3: 2601 | AP3: 41165 | AQ3: 39526 | AR3: 5600 | AS3: 6703 | AT3: 6999 | AU3: 9927 | AV3: 9983 | AW3: 5313 | AX3: 2483 | AY3: 2581 | AZ3: 5528 | BA3: 1276 | BB3: 41326 | BC3: 57695 | BD3: 4386 | BE3: 3366 | BF3: 7904 | BG3: 9703 | BH3: =IFERROR(__xludf.DUMMYFUNCTION("IMPORTRANGE(""1Z2ZLDM0_m0NNnV5_jRvcRNtM9Z5AZ7o_A94RnrBGQUE"",""DTC - P&L!AG39:AG39"")"),9977.0) -> 9977 | BP3: =SUM(B3:BO3) -> 485864
A4: Response rate (%) | B4: =B18/B3 -> 0.6193133 | C4: =C18/C3 -> 0.5968254 | D4: =D18/D3 -> 0.5686747 | E4: =E18/E3 -> 0.5773639 | F4: =F18/F3 -> 0.47155499 | G4: =G18/G3 -> 0.49855072 | H4: =H18/H3 -> 0.49196907 | I4: =I18/I3 -> 0.47689769 | ... BP4: =BP18/BP3 -> 0.49065376
A5: All Customers
A7: Where did you hear about Bird Buddy?
A8: Facebook / Instagram | B8: 1207 | C8: 387 | D8: 133 | E8: 335 | F8: 444 | G8: 201 | H8: 178 | I8: 399 | J8: 1047 | K8: 1489 | L8: 1218 | M8: 675 | N8: 123 | O8: 115 | P8: 216 | Q8: 1697 | R8: 3287 | S8: 658 | T8: 412 | U8: 794 | V8: 1355 | W8: 1320 | X8: 1371 | Y8: 609 | Z8: 396 | AA8: 1867 | AB8: 849 | AC8: 2104 | AD8: 9039 | AE8: 5759 | AF8: 628 | AG8: 1483 | AH8: 1085 | AI8: 433 | AJ8: =sum(AJ126,AJ168) -> 603 | AK8: =sum(AK126,AK168) -> 431 | AL8: =sum(AL126,AL168) -> 312 | AM8: =sum(AM126,AM168) -> 283 | AN8: =sum(AN126,AN168) -> 135 | AO8: =sum(AO126,AO168) -> 442 | AP8: =sum(AP126,AP168) -> 13971 | AQ8: =sum(AQ126,AQ168) -> 12822 | ... BO8: =sum(BO126,BO168) -> 0 | BP8: =SUM(B8:BO8) -> 120187 | BQ8: =iferror(BP8/$BP$18,"") -> 0.50415913
A9: Friends / Family | B9: 132 | C9: 107 | D9: 48 | E9: 69 | F9: 141 | G9: 126 | H9: 115 | I9: 62 | J9: 172 | K9: 187 | L9: 167 | M9: 100 | N9: 35 | O9: 33 | P9: 35 | Q9: 316 | R9: 1366 | S9: 966 | T9: 754 | U9: 600 | V9: 784 | W9: 917 | X9: 1030 | Y9: 650 | Z9: 573 | AA9: 1587 | AB9: 1158 | AC9: 1881 | AD9: 5146 | AE9: 4647 | AF9: 1400 | AG9: 2349 | AH9: 2170 | AI9: 1219 | AJ9: =sum(AJ127,AJ169) -> 1316 | AK9: =sum(AK127,AK169) -> 775 | AL9: =sum(AL127,AL169) -> 595 | AM9: =sum(AM127,AM169) -> 514 | AN9: =sum(AN127,AN169) -> 222 | AO9: =sum(AO127,AO169) -> 392 | AP9: =sum(AP127,AP169) -> 3782 | AQ9: =sum(AQ127,AQ169) -> 5386 | ... BO9: =sum(BO127,BO169) -> 0 | BP9: =SUM(B9:BO9) -> 78732 | BQ9: =iferror(BP9/$BP$18,"") -> 0.33026415
A10: Google, Yahoo, Bing | B10: 38 | C10: 29 | D10: 29 | E10: 33 | F10: 68 | G10: 72 | H10: 97 | I10: 41 | J10: 75 | K10: 80 | L10: 78 | M10: 48 | N10: 19 | O10: 22 | P10: 15 | Q10: 68 | R10: 174 | S10: 65 | T10: 102 | U10: 49 | V10: 73 | W10: 45 | BP10: =SUM(B10:BO10) -> 1320 | BQ10: =iferror(BP10/$BP$18,"") -> 0.0055371218
A11: Pinterest | B11: 38 | C11: 3 | D11: 7 | E11: 2 | F11: 9 | G11: 12 | H11: 4 | I11: 3 | J11: 6 | K11: 8 | L11: 6 | M11: 1 | N11: 1 | O11: 1 | P11: 2 | Q11: 12 | R11: 20 | S11: 5 | T11: 2 | U11: 4 | V11: 10 | W11: 2 | BP11: =SUM(B11:BO11) -> 158 | BQ11: =iferror(BP11/$BP$18,"") -> 0.0006627767
A12: TikTok | B12: 15 | C12: 9 | D12: 1 | E12: 4 | F12: 7 | G12: 4 | H12: 2 | I12: 4 | J12: 72 | K12: 34 | L12: 19 | M12: 41 | N12: 3 | O12: 4 | P12: 6 | Q12: 393 | R12: 1147 | S12: 99 | T12: 21 | U12: 37 | V12: 35 | W12: 100 | X12: 217 | Y12: 39 | Z12: 17 | AA12: 47 | AB12: 56 | AC12: 48 | AD12: 332 | AE12: 307 | AF12: 37 | AG12: 47 | AH12: 55 | AI12: 42 | AJ12: =sum(AJ128,AJ170) -> 70 | AK12: =sum(AK128,AK170) -> 27 | AL12: =sum(AL128,AL170) -> 5 | AM12: =sum(AM128,AM170) -> 8 | AN12: =sum(AN128,AN170) -> 4 | AO12: =sum(AO128,AO170) -> 6 | AP12: =sum(AP128,AP170) -> 241 | AQ12: =sum(AQ128,AQ170) -> 733 | ... BO12: =sum(BO128,BO170) -> 0 | BP12: =SUM(B12:BO12) -> 5980 | BQ12: =iferror(BP12/$BP$18,"") -> 0.02508484
A13: TV / Radio | B13: 11 | C13: 9 | D13: 4 | E13: 337 | F13: 31 | G13: 217 | H13: 86 | I13: 16 | J13: 17 | K13: 25 | L13: 17 | M13: 9 | N13: 13 | O13: 4 | P13: 5 | Q13: 12 | R13: 37 | S13: 42 | T13: 71 | U13: 22 | V13: 26 | W13: 281 | X13: 50 | Y13: 44 | Z13: 8 | AA13: 35 | AB13: 96 | AC13: 52 | AD13: 348 | AE13: 941 | AF13: 53 | AG13: 66 | AH13: 61 | AI13: 29 | AJ13: =sum(AJ129,AJ171) -> 44 | AK13: =sum(AK129,AK171) -> 25 | AL13: =sum(AL129,AL171) -> 12 | AM13: =sum(AM129,AM171) -> 11 | AN13: =sum(AN129,AN171) -> 6 | AO13: =sum(AO129,AO171) -> 36 | AP13: =sum(AP129,AP171) -> 221 | AQ13: =sum(AQ129,AQ171) -> 278 | ... BO13: =sum(BO129,BO171) -> 0 | BP13: =SUM(B13:BO13) -> 4891 | BQ13: =iferror(BP13/$BP$18,"") -> 0.020516714
A14: Blog / Article | B14: 2 | C14: 20 | D14: 14 | E14: 26 | F14: 46 | G14: 56 | H14: 345 | I14: 53 | J14: 166 | K14: 83 | L14: 47 | M14: 31 | N14: 22 | O14: 11 | P14: 15 | Q14: 41 | R14: 92 | S14: 53 | T14: 253 | U14: 103 | V14: 94 | W14: 113 | X14: 191 | Y14: 118 | Z14: 40 | AA14: 119 | AB14: 162 | AC14: 230 | AD14: 1230 | AE14: 868 | AF14: 144 | AG14: 236 | AH14: 245 | AI14: 231 | AJ14: =sum(AJ130,AJ172) -> 174 | AK14: =sum(AK130,AK172) -> 70 | AL14: =sum(AL130,AL172) -> 115 | AM14: =sum(AM130,AM172) -> 76 | AN14: =sum(AN130,AN172) -> 31 | AO14: =sum(AO130,AO172) -> 116 | AP14: =sum(AP130,AP172) -> 427 | AQ14: =sum(AQ130,AQ172) -> 558 | ... BO14: =sum(BO130,BO172) -> 0 | BP14: =SUM(B14:BO14) -> 10393 | BQ14: =iferror(BP14/$BP$18,"") -> 0.043596444
A15: Google / Youtube | S15: 6 | T15: 10 | U15: 9 | V15: 14 | W15: 79 | X15: 168 | Y15: 92 | Z15: 61 | AA15: 163 | AB15: 136 | AC15: 290 | AD15: 1311 | AE15: 990 | AF15: 182 | AG15: 220 | AH15: 329 | AI15: 211 | AJ15: =sum(AJ132,AJ174) -> 181 | AK15: =sum(AK132,AK174) -> 113 | AL15: =sum(AL132,AL174) -> 98 | AM15: =sum(AM132,AM174) -> 87 | AN15: =sum(AN132,AN174) -> 39 | AO15: =sum(AO132,AO174) -> 111 | AP15: =sum(AP132,AP174) -> 960 | AQ15: =sum(AQ132,AQ174) -> 1390 | ... BO15: =sum(BO132,BO174) -> 0 | BP15: =SUM(B15:BO15) -> 14365 | BQ15: =iferror(BP15/$BP$18,"") -> 0.060258147
A16: Reddit | T16: 2 | U16: 1 | V16: 1 | W16: 6 | X16: 27 | Y16: 12 | Z16: 6 | AA16: 23 | AB16: 13 | AC16: 24 | AD16: 127 | AE16: 155 | AF16: 22 | AG16: 38 | AH16: 38 | AI16: 28 | AJ16: =sum(AJ131,AJ173) -> 28 | AK16: =sum(AK131,AK173) -> 15 | AL16: =sum(AL131,AL173) -> 11 | AM16: =sum(AM131,AM173) -> 12 | AN16: =sum(AN131,AN173) -> 6 | AO16: =sum(AO131,AO173) -> 7 | AP16: =sum(AP131,AP173) -> 95 | AQ16: =sum(AQ131,AQ173) -> 176 | ... BO16: =sum(BO131,BO173) -> 0 | BP16: =SUM(B16:BO16) -> 1777 | BQ16: =iferror(BP16/$BP$18,"") -> 0.0074541405
A17: Yahoo / Bing | X17: 4 | Y17: 3 | Z17: 3 | AA17: 7 | AB17: 10 | AC17: 16 | AD17: 45 | AE17: 52 | AF17: 7 | AG17: 4 | AH17: 28 | AI17: 12 | AJ17: =sum(AJ133,AJ175) -> 7 | AK17: =sum(AK133,AK175) -> 5 | AL17: =sum(AL133,AL175) -> 1 | AM17: =sum(AM133,AM175) -> 3 | AN17: =sum(AN133,AN175) -> 0 | AO17: =sum(AO133,AO175) -> 6 | AP17: =sum(AP133,AP175) -> 35 | AQ17: =sum(AQ133,AQ175) -> 64 | ... BO17: =sum(BO133,BO175) -> 0 | BP17: =SUM(B17:BO17) -> 588 | BQ17: =iferror(BP17/$BP$18,"") -> 0.0024665361
A18: Total submissions: | B18: =SUM(B8:B17) -> 1443 | C18: =SUM(C8:C17) -> 564 | D18: =SUM(D8:D17) -> 236 | E18: =SUM(E8:E17) -> 806 | F18: =SUM(F8:F17) -> 746 | G18: =SUM(G8:G17) -> 688 | H18: =SUM(H8:H17) -> 827 | I18: =SUM(I8:I17) -> 578 | ... BO18: =SUM(BO8:BO17) -> 0 | BP18: =SUM(B18:BO18) -> 238391 | BQ18: =SUM(BQ8:BQ16) -> 0.99753346
A19: % Where did you hear about Bird Buddy?
A20: Facebook / Instagram | B20: =iferror(B8/B$18,"") -> 0.83645184 | C20: =iferror(C8/C$18,"") -> 0.68617021 | D20: =iferror(D8/D$18,"") -> 0.56355932 | E20: =iferror(E8/E$18,"") -> 0.41563275 | F20: =iferror(F8/F$18,"") -> 0.59517426 | G20: =iferror(G8/G$18,"") -> 0.29215116 | H20: =iferror(H8/H$18,"") -> 0.21523579 | I20: =iferror(I8/I$18,"") -> 0.69031142 | ... BO20: =iferror(BO8/BO$18,"")
A21: Friends / Family | B21: =iferror(B9/B$18,"") -> 0.091476091 | C21: =iferror(C9/C$18,"") -> 0.18971631 | D21: =iferror(D9/D$18,"") -> 0.20338983 | E21: =iferror(E9/E$18,"") -> 0.08560794 | F21: =iferror(F9/F$18,"") -> 0.18900804 | G21: =iferror(G9/G$18,"") -> 0.18313953 | H21: =iferror(H9/H$18,"") -> 0.13905683 | I21: =iferror(I9/I$18,"") -> 0.10726644 | ... BO21: =iferror(BO9/BO$18,"")
A22: Google, Yahoo, Bing | B22: =iferror(B10/B$18,"") -> 0.026334026 | C22: =iferror(C10/C$18,"") -> 0.05141844 | D22: =iferror(D10/D$18,"") -> 0.12288136 | E22: =iferror(E10/E$18,"") -> 0.040942928 | F22: =iferror(F10/F$18,"") -> 0.091152815 | G22: =iferror(G10/G$18,"") -> 0.10465116 | H22: =iferror(H10/H$18,"") -> 0.11729141 | I22: =iferror(I10/I$18,"") -> 0.070934256 | ... W22: =iferror(W10/W$18,"") -> 0.015717779
A23: Pinterest | B23: =iferror(B11/B$18,"") -> 0.026334026 | C23: =iferror(C11/C$18,"") -> 0.0053191489 | D23: =iferror(D11/D$18,"") -> 0.029661017 | E23: =iferror(E11/E$18,"") -> 0.0024813896 | F23: =iferror(F11/F$18,"") -> 0.012064343 | G23: =iferror(G11/G$18,"") -> 0.01744186 | H23: =iferror(H11/H$18,"") -> 0.0048367594 | I23: =iferror(I11/I$18,"") -> 0.0051903114 | ... W23: =iferror(W11/W$18,"") -> 0.00069856794
A24: TikTok | B24: =iferror(B12/B$18,"") -> 0.01039501 | C24: =iferror(C12/C$18,"") -> 0.015957447 | D24: =iferror(D12/D$18,"") -> 0.0042372881 | E24: =iferror(E12/E$18,"") -> 0.0049627792 | F24: =iferror(F12/F$18,"") -> 0.009383378 | G24: =iferror(G12/G$18,"") -> 0.0058139535 | H24: =iferror(H12/H$18,"") -> 0.0024183797 | I24: =iferror(I12/I$18,"") -> 0.0069204152 | ... BO24: =iferror(BO12/BO$18,"")
A25: TV / Radio | B25: =iferror(B13/B$18,"") -> 0.0076230076 | C25: =iferror(C13/C$18,"") -> 0.015957447 | D25: =iferror(D13/D$18,"") -> 0.016949153 | E25: =iferror(E13/E$18,"") -> 0.41811414 | F25: =iferror(F13/F$18,"") -> 0.04155496 | G25: =iferror(G13/G$18,"") -> 0.31540698 | H25: =iferror(H13/H$18,"") -> 0.10399033 | I25: =iferror(I13/I$18,"") -> 0.027681661 | ... BO25: =iferror(BO13/BO$18,"")
A26: Blog / Article | B26: =iferror(B14/B$18,"") -> 0.0013860014 | C26: =iferror(C14/C$18,"") -> 0.035460993 | D26: =iferror(D14/D$18,"") -> 0.059322034 | E26: =iferror(E14/E$18,"") -> 0.032258065 | F26: =iferror(F14/F$18,"") -> 0.061662198 | G26: =iferror(G14/G$18,"") -> 0.081395349 | H26: =iferror(H14/H$18,"") -> 0.4171705 | I26: =iferror(I14/I$18,"") -> 0.091695502 | ... BO26: =iferror(BO14/BO$18,"")
A27: Google / Youtube | S27: =iferror(S15/S$18,"") -> 0.0031678986 | T27: =iferror(T15/T$18,"") -> 0.0061462815 | U27: =iferror(U15/U$18,"") -> 0.005558987 | V27: =iferror(V15/V$18,"") -> 0.0058528428 | W27: =iferror(W15/W$18,"") -> 0.027593433 | X27: =iferror(X15/X$18,"") -> 0.054937868 | Y27: =iferror(Y15/Y$18,"") -> 0.058710913 | Z27: =iferror(Z15/Z$18,"") -> 0.055253623 | ... BO27: =iferror(BO15/BO$18,"")
A28: Reddit | T28: =iferror(T16/T$18,"") -> 0.0012292563 | U28: =iferror(U16/U$18,"") -> 0.00061766523 | V28: =iferror(V16/V$18,"") -> 0.0004180602 | W28: =iferror(W16/W$18,"") -> 0.0020957038 | X28: =iferror(X16/X$18,"") -> 0.0088293002 | Y28: =iferror(Y16/Y$18,"") -> 0.0076579451 | Z28: =iferror(Z16/Z$18,"") -> 0.0054347826 | AA28: =iferror(AA16/AA$18,"") -> 0.005977131 | ... BO28: =iferror(BO16/BO$18,"")
A29: Yahoo / Bing | X29: =iferror(X17/X$18,"") -> 0.0013080445 | Y29: =iferror(Y17/Y$18,"") -> 0.0019144863 | Z29: =iferror(Z17/Z$18,"") -> 0.0027173913 | AA29: =iferror(AA17/AA$18,"") -> 0.0018191268 | AB29: =iferror(AB17/AB$18,"") -> 0.0040322581 | AC29: =iferror(AC17/AC$18,"") -> 0.003444564 | AD29: =iferror(AD17/AD$18,"") -> 0.0025600182 | AE29: =iferror(AE17/AE$18,"") -> 0.0037903637 | ... BO29: =iferror(BO17/BO$18,"")
A32: Where on Facebook/Instagram have you heard about Bird Buddy?
A33: I saw an ad | AC33: 1304 | AD33: 7838 | AE33: 4891 | AF33: 455 | AG33: 1087 | AH33: 769 | AI33: 57 | AJ33: =sum(AJ145,AJ187) -> 451 | AK33: =sum(AK145,AK187) -> 324 | AL33: =sum(AL145,AL187) -> 223 | AM33: =sum(AM145,AM187) -> 211 | AN33: =sum(AN145,AN187) -> 106 | AO33: =sum(AO145,AO187) -> 335 | AP33: =sum(AP145,AP187) -> 12078 | AQ33: =sum(AQ145,AQ187) -> 10987 | ... BO33: =sum(BO145,BO187) -> 0 | BP33: =SUM(B33:BO33) -> 80612 | BQ33: =iferror(BP33/BP$36,"") -> 0.83470013
A34: I saw a post about Bird Buddy on my friend's feed | AC34: 103 | AD34: 496 | AE34: 386 | AF34: 90 | AG34: 198 | AH34: 97 | AI34: 17 | AJ34: =sum(AJ146,AJ188) -> 70 | AK34: =sum(AK146,AK188) -> 60 | AL34: =sum(AL146,AL188) -> 40 | AM34: =sum(AM146,AM188) -> 19 | AN34: =sum(AN146,AN188) -> 10 | AO34: =sum(AO146,AO188) -> 29 | AP34: =sum(AP146,AP188) -> 629 | AQ34: =sum(AQ146,AQ188) -> 567 | ... BO34: =sum(BO146,BO188) -> 0 | BP34: =SUM(B34:BO34) -> 5620 | BQ34: =iferror(BP34/BP$36,"") -> 0.058192512
A35: I saw an organic post from Bird Buddy | AC35: 192 | AD35: 705 | AE35: 510 | AF35: 83 | AG35: 241 | AH35: 175 | AI35: 7 | AJ35: =sum(AJ147,AJ189) -> 82 | AK35: =sum(AK147,AK189) -> 47 | AL35: =sum(AL147,AL189) -> 49 | AM35: =sum(AM147,AM189) -> 53 | AN35: =sum(AN147,AN189) -> 19 | AO35: =sum(AO147,AO189) -> 78 | AP35: =sum(AP147,AP189) -> 1264 | AQ35: =sum(AQ147,AQ189) -> 1268 | ... BO35: =sum(BO147,BO189) -> 0 | BP35: =SUM(B35:BO35) -> 10344 | BQ35: =iferror(BP35/BP$36,"") -> 0.10710736
A36: Total submissions: | AC36: =SUM(AC33:AC35) -> 1599 | AD36: =SUM(AD33:AD35) -> 9039 | AE36: =SUM(AE33:AE35) -> 5787 | AF36: =SUM(AF33:AF35) -> 628 | AG36: =SUM(AG33:AG35) -> 1526 | AH36: =SUM(AH33:AH35) -> 1041 | AI36: =SUM(AI33:AI35) -> 81 | AJ36: =SUM(AJ33:AJ35) -> 603 | ... BO36: =SUM(BO33:BO35) -> 0 | BP36: =SUM(B36:BO36) -> 96576 | BQ36: =SUM(BQ33:BQ35) -> 1
A37: % Where on Facebook/Instagram have you heard about Bird Buddy?
A38: I saw an ad | AC38: =iferror(AC33/AC$36,"") -> 0.81550969 | AD38: =iferror(AD33/AD$36,"") -> 0.86713132 | AE38: =iferror(AE33/AE$36,"") -> 0.84517021 | AF38: =iferror(AF33/AF$36,"") -> 0.72452229 | AG38: =iferror(AG33/AG$36,"") -> 0.71231979 | AH38: =iferror(AH33/AH$36,"") -> 0.73871278 | AI38: =iferror(AI33/AI$36,"") -> 0.7037037 | AJ38: =iferror(AJ33/AJ$36,"") -> 0.74792703 | ... BO38: =iferror(BO33/BO$36,"")
A39: I saw a post about Bird Buddy on my friend's feed | AC39: =iferror(AC34/AC$36,"") -> 0.06441526 | AD39: =iferror(AD34/AD$36,"") -> 0.054873327 | AE39: =iferror(AE34/AE$36,"") -> 0.066701227 | AF39: =iferror(AF34/AF$36,"") -> 0.1433121 | AG39: =iferror(AG34/AG$36,"") -> 0.12975098 | AH39: =iferror(AH34/AH$36,"") -> 0.093179635 | AI39: =iferror(AI34/AI$36,"") -> 0.20987654 | AJ39: =iferror(AJ34/AJ$36,"") -> 0.11608624 | ... BO39: =iferror(BO34/BO$36,"")
A40: I saw an organic post from Bird Buddy | AC40: =iferror(AC35/AC$36,"") -> 0.12007505 | AD40: =iferror(AD35/AD$36,"") -> 0.077995353 | AE40: =iferror(AE35/AE$36,"") -> 0.088128564 | AF40: =iferror(AF35/AF$36,"") -> 0.13216561 | AG40: =iferror(AG35/AG$36,"") -> 0.15792923 | AH40: =iferror(AH35/AH$36,"") -> 0.16810759 | AI40: =iferror(AI35/AI$36,"") -> 0.086419753 | AJ40: =iferror(AJ35/AJ$36,"") -> 0.13598673 | ... BO40: =iferror(BO35/BO$36,"")
A43: Who is this for?
A44: Just me | AD44: 581 | AE44: 1034 | AF44: 709 | AG44: 2194 | AH44: 1107 | AI44: 95 | AJ44: =sum(AJ115,AJ157) -> 430 | AK44: =sum(AK115,AK157) -> 249 | AL44: =sum(AL115,AL157) -> 323 | AM44: =sum(AM115,AM157) -> 256 | AN44: =sum(AN115,AN157) -> 120 | AO44: =sum(AO115,AO157) -> 299 | AP44: =sum(AP115,AP157) -> 1089 | AQ44: =sum(AQ115,AQ157) -> 1226 | ... BO44: =sum(BO115,BO157) -> 0 | BP44: =SUM(B44:BO44) -> 18017 | BQ44: =iferror(BP44/BP$48,"") -> 0.10101537
A45: My parents | AD45: 6391 | AE45: 10546 | AF45: 484 | AG45: 915 | AH45: 658 | AI45: 88 | AJ45: =sum(AJ116,AJ158) -> 969 | AK45: =sum(AK116,AK158) -> 477 | AL45: =sum(AL116,AL158) -> 200 | AM45: =sum(AM116,AM158) -> 181 | AN45: =sum(AN116,AN158) -> 78 | AO45: =sum(AO116,AO158) -> 174 | AP45: =sum(AP116,AP158) -> 8764 | AQ45: =sum(AQ116,AQ158) -> 10159 | ... BO45: =sum(BO116,BO158) -> 0 | BP45: =SUM(B45:BO45) -> 66021 | BQ45: =iferror(BP45/BP$48,"") -> 0.37015794
A46: Spouse | AD46: 3165 | AE46: 6700 | AF46: 507 | AG46: 1194 | AH46: 785 | AI46: 82 | AJ46: =sum(AJ117,AJ159) -> 612 | AK46: =sum(AK117,AK159) -> 360 | AL46: =sum(AL117,AL159) -> 213 | AM46: =sum(AM117,AM159) -> 184 | AN46: =sum(AN117,AN159) -> 86 | AO46: =sum(AO117,AO159) -> 243 | AP46: =sum(AP117,AP159) -> 6366 | AQ46: =sum(AQ117,AQ159) -> 6490 | ... BO46: =sum(BO117,BO159) -> 0 | BP46: =SUM(B46:BO46) -> 55141 | BQ46: =iferror(BP46/BP$48,"") -> 0.30915737
A47: I will use with my family | AD47: 2299 | AE47: 4203 | AF47: 769 | AG47: 2570 | AH47: 1312 | AI47: 122 | AJ47: =sum(AJ118,AJ160) -> 515 | AK47: =sum(AK118,AK160) -> 376 | AL47: =sum(AL118,AL160) -> 413 | AM47: =sum(AM118,AM160) -> 373 | AN47: =sum(AN118,AN160) -> 159 | AO47: =sum(AO118,AO160) -> 400 | AP47: =sum(AP118,AP160) -> 3513 | AQ47: =sum(AQ118,AQ160) -> 3532 | ... BO47: =sum(BO118,BO160) -> 0 | BP47: =SUM(B47:BO47) -> 39180 | BQ47: =iferror(BP47/BP$48,"") -> 0.21966932
A48: Total submissions: | AD48: =SUM(AD44:AD47) -> 12436 | AE48: =SUM(AE44:AE47) -> 22483 | AF48: =SUM(AF44:AF47) -> 2469 | AG48: =SUM(AG44:AG47) -> 6873 | AH48: =SUM(AH44:AH47) -> 3862 | AI48: =SUM(AI44:AI47) -> 387 | AJ48: =SUM(AJ44:AJ47) -> 2526 | AK48: =SUM(AK44:AK47) -> 1462 | ... BO48: =SUM(BO44:BO47) -> 0 | BP48: =SUM(B48:BO48) -> 178359 | BQ48: =SUM(BQ44:BQ47) -> 1
A49: % Who is this for?
A50: Just me | AD50: =iferror(AD44/AD$48,"") -> 0.046719202 | AE50: =iferror(AE44/AE$48,"") -> 0.045990304 | AF50: =iferror(AF44/AF$48,"") -> 0.28716079 | AG50: =iferror(AG44/AG$48,"") -> 0.31922014 | AH50: =iferror(AH44/AH$48,"") -> 0.28663905 | AI50: =iferror(AI44/AI$48,"") -> 0.24547804 | AJ50: =iferror(AJ44/AJ$48,"") -> 0.17022961 | AK50: =iferror(AK44/AK$48,"") -> 0.17031464 | ... BO50: =iferror(BO44/BO$48,"")
A51: My parents | AD51: =iferror(AD45/AD$48,"") -> 0.51391123 | AE51: =iferror(AE45/AE$48,"") -> 0.46906552 | AF51: =iferror(AF45/AF$48,"") -> 0.19603078 | AG51: =iferror(AG45/AG$48,"") -> 0.13312964 | AH51: =iferror(AH45/AH$48,"") -> 0.17037804 | AI51: =iferror(AI45/AI$48,"") -> 0.22739018 | AJ51: =iferror(AJ45/AJ$48,"") -> 0.38361045 | AK51: =iferror(AK45/AK$48,"") -> 0.32626539 | ... BO51: =iferror(BO45/BO$48,"")
A52: Spouse | AD52: =iferror(AD46/AD$48,"") -> 0.25450306 | AE52: =iferror(AE46/AE$48,"") -> 0.29800294 | AF52: =iferror(AF46/AF$48,"") -> 0.20534629 | AG52: =iferror(AG46/AG$48,"") -> 0.17372326 | AH52: =iferror(AH46/AH$48,"") -> 0.20326256 | AI52: =iferror(AI46/AI$48,"") -> 0.2118863 | AJ52: =iferror(AJ46/AJ$48,"") -> 0.24228029 | AK52: =iferror(AK46/AK$48,"") -> 0.24623803 | ... BO52: =iferror(BO46/BO$48,"")
A53: I will use with my family | AD53: =iferror(AD47/AD$48,"") -> 0.18486652 | AE53: =iferror(AE47/AE$48,"") -> 0.18694124 | AF53: =iferror(AF47/AF$48,"") -> 0.31146213 | AG53: =iferror(AG47/AG$48,"") -> 0.37392696 | AH53: =iferror(AH47/AH$48,"") -> 0.33972035 | AI53: =iferror(AI47/AI$48,"") -> 0.31524548 | AJ53: =iferror(AJ47/AJ$48,"") -> 0.20387965 | AK53: =iferror(AK47/AK$48,"") -> 0.25718194 | ... BO53: =iferror(BO47/BO$48,"")
A56: Did you buy this for your household?
A57: Yes | AK57: 876 | AL57: 898 | AM57: 749 | AN57: 325 | AO57: 890 | AP57: 10511 | AQ57: 11395 | AR57: 2911 | AS57: 3446 | AT57: 3950 | AU57: 4704 | AV57: =IFERROR(__xludf.DUMMYFUNCTION("IMPORTRANGE(""1FsAayhXBhwQWWhxaeEf32srJkqMhPcXdSHpT-eTbsHA"",""PP - Data!AG3:AG4"")"),4155.0) -> 4155 | AW57: 2186 | AX57: 1111 | AY57: 1123 | AZ57: 3039 | BA57: 498 | BB57: 11479 | BC57: 13547 | BD57: 1909 | BE57: 1557 | BF57: 3491 | BG57: 3953 | BH57: =IFERROR(__xludf.DUMMYFUNCTION("IMPORTRANGE(""1Z2ZLDM0_m0NNnV5_jRvcRNtM9Z5AZ7o_A94RnrBGQUE"",""PP - Data!AG3:AG4"")"),4198.0) -> 4198 | BP57: =SUM(B57:BO57) -> 92901 | BQ57: =iferror(BP57/BP$59,"") -> 0.64894033
A58: No | AK58: 468 | AL58: 251 | AM58: 245 | AN58: 118 | AO58: 226 | AP58: 9221 | AQ58: 10012 | AR58: 681 | AS58: 819 | AT58: 729 | AU58: 1361 | AV58: =IFERROR(__xludf.DUMMYFUNCTION("""COMPUTED_VALUE"""),1397.0) -> 1397 | AW58: 880 | AX58: 307 | AY58: 354 | AZ58: 380 | BA58: 174 | BB58: 8979 | BC58: 10235 | BD58: 451 | BE58: 306 | BF58: 670 | BG58: 1059 | BH58: =IFERROR(__xludf.DUMMYFUNCTION("""COMPUTED_VALUE"""),934.0) -> 934 | BP58: =SUM(B58:BO58) -> 50257 | BQ58: =iferror(BP58/BP$59,"") -> 0.35105967
A59: Total submissions: | AK59: =SUM(AK57:AK58) -> 1344 | AL59: =SUM(AL57:AL58) -> 1149 | AM59: =SUM(AM57:AM58) -> 994 | AN59: =SUM(AN57:AN58) -> 443 | AO59: =SUM(AO57:AO58) -> 1116 | AP59: =SUM(AP57:AP58) -> 19732 | AQ59: =SUM(AQ57:AQ58) -> 21407 | AR59: =SUM(AR57:AR58) -> 3592 | ... BO59: =SUM(BO57:BO58) -> 0 | BP59: =SUM(B59:BO59) -> 143158 | BQ59: =SUM(BQ57:BQ58) -> 1
A60: % Did you buy this for your household?
A61: Yes | AK61: =iferror(AK57/AK$59,"") -> 0.65178571 | AL61: =iferror(AL57/AL$59,"") -> 0.78154917 | AM61: =iferror(AM57/AM$59,"") -> 0.75352113 | AN61: =iferror(AN57/AN$59,"") -> 0.73363431 | AO61: =iferror(AO57/AO$59,"") -> 0.79749104 | AP61: =iferror(AP57/AP$59,"") -> 0.53268802 | AQ61: =iferror(AQ57/AQ$59,"") -> 0.53230252 | AR61: =iferror(AR57/AR$59,"") -> 0.81041203 | ... BO61: =iferror(BO57/BO$59,"")
A62: No | AK62: =iferror(AK58/AK$59,"") -> 0.34821429 | AL62: =iferror(AL58/AL$59,"") -> 0.21845083 | AM62: =iferror(AM58/AM$59,"") -> 0.24647887 | AN62: =iferror(AN58/AN$59,"") -> 0.26636569 | AO62: =iferror(AO58/AO$59,"") -> 0.20250896 | AP62: =iferror(AP58/AP$59,"") -> 0.46731198 | AQ62: =iferror(AQ58/AQ$59,"") -> 0.46769748 | AR62: =iferror(AR58/AR$59,"") -> 0.18958797 | ... BO62: =iferror(BO58/BO$59,"")
A64: Did you buy this as a gift?
A65: Yes | AK65: 909 | AL65: 531 | AM65: 494 | AN65: 223 | AO65: 539 | AP65: 18035 | AQ65: 19386 | AR65: 1578 | AS65: 2199 | AT65: 1961 | AU65: 3473 | AV65: =IFERROR(__xludf.DUMMYFUNCTION("IMPORTRANGE(""1FsAayhXBhwQWWhxaeEf32srJkqMhPcXdSHpT-eTbsHA"",""PP - Data!AG11:AG12"")"),3695.0) -> 3695 | AW65: 2079 | AX65: 673 | AY65: 766 | AZ65: 1152 | BA65: 405 | BB65: 18416 | BC65: 21659 | BD65: 1001 | BE65: 883 | BF65: 1745 | BG65: 2839 | BH65: =IFERROR(__xludf.DUMMYFUNCTION("IMPORTRANGE(""1Z2ZLDM0_m0NNnV5_jRvcRNtM9Z5AZ7o_A94RnrBGQUE"",""PP - Data!AG11:AG12"")"),2680.0) -> 2680 | BP65: =SUM(B65:BO65) -> 107321 | BQ65: =iferror(BP65/BP$67,"") -> 0.74967344
A66: No | AK66: 435 | AL66: 618 | AM66: 500 | AN66: 220 | AO66: 577 | AP66: 1697 | AQ66: 2021 | AR66: 2014 | AS66: 2066 | AT66: 2718 | AU66: 2592 | AV66: =IFERROR(__xludf.DUMMYFUNCTION("""COMPUTED_VALUE"""),1857.0) -> 1857 | AW66: 987 | AX66: 745 | AY66: 711 | AZ66: 2266 | BA66: 267 | BB66: 2042 | BC66: 2123 | BD66: 1359 | BE66: 980 | BF66: 2416 | BG66: 2173 | BH66: =IFERROR(__xludf.DUMMYFUNCTION("""COMPUTED_VALUE"""),2452.0) -> 2452 | BP66: =SUM(B66:BO66) -> 35836 | BQ66: =iferror(BP66/BP$67,"") -> 0.25032656
A67: Total submissions: | AK67: =SUM(AK65:AK66) -> 1344 | AL67: =SUM(AL65:AL66) -> 1149 | AM67: =SUM(AM65:AM66) -> 994 | AN67: =SUM(AN65:AN66) -> 443 | AO67: =SUM(AO65:AO66) -> 1116 | AP67: =SUM(AP65:AP66) -> 19732 | AQ67: =SUM(AQ65:AQ66) -> 21407 | AR67: =SUM(AR65:AR66) -> 3592 | ... BO67: =SUM(BO65:BO66) -> 0 | BP67: =SUM(B67:BO67) -> 143157 | BQ67: =SUM(BQ65:BQ66) -> 1
A68: % Did you buy this as a gift?
A69: Yes | AK69: =iferror(AK65/AK$67,"") -> 0.67633929 | AL69: =iferror(AL65/AL$67,"") -> 0.46214099 | AM69: =iferror(AM65/AM$67,"") -> 0.49698189 | AN69: =iferror(AN65/AN$67,"") -> 0.503386 | AO69: =iferror(AO65/AO$67,"") -> 0.48297491 | AP69: =iferror(AP65/AP$67,"") -> 0.91399757 | AQ69: =iferror(AQ65/AQ$67,"") -> 0.90559163 | AR69: =iferror(AR65/AR$67,"") -> 0.43930958 | ... BO69: =iferror(BO65/BO$67,"")
A70: No | AK70: =iferror(AK66/AK$67,"") -> 0.32366071 | AL70: =iferror(AL66/AL$67,"") -> 0.53785901 | AM70: =iferror(AM66/AM$67,"") -> 0.50301811 | AN70: =iferror(AN66/AN$67,"") -> 0.496614 | AO70: =iferror(AO66/AO$67,"") -> 0.51702509 | AP70: =iferror(AP66/AP$67,"") -> 0.086002433 | AQ70: =iferror(AQ66/AQ$67,"") -> 0.094408371 | AR70: =iferror(AR66/AR$67,"") -> 0.56069042 | ... BO70: =iferror(BO66/BO$67,"")
A72: Are you a new or existing customer?
A73: New customer | AJ73: 1434 | AK73: 903 | AL73: 521 | AM73: 424 | AN73: 224 | AO73: 478 | AP73: 18093 | AQ73: 18653 | AR73: 2184 | AS73: 2529 | AT73: 1856 | AU73: 3533 | AV73: =IFERROR(__xludf.DUMMYFUNCTION("IMPORTRANGE(""1FsAayhXBhwQWWhxaeEf32srJkqMhPcXdSHpT-eTbsHA"",""PP - Data!AG19:AG20"")"),3414.0) -> 3414 | AW73: 2015 | AX73: 764 | AY73: 780 | AZ73: 540 | BA73: 414 | BB73: 18759 | BC73: 21414 | BD73: 1327 | BE73: 1031 | BF73: 2100 | BG73: 2683 | BH73: =IFERROR(__xludf.DUMMYFUNCTION("IMPORTRANGE(""1Z2ZLDM0_m0NNnV5_jRvcRNtM9Z5AZ7o_A94RnrBGQUE"",""PP - Data!AG19:AG20"")"),2217.0) -> 2217 | BP73: =SUM(B73:BO73) -> 108290 | BQ73: =iferror(BP73/BP$75,"") -> 0.74272467
A74: Existing customer | AJ74: 1092 | AK74: 559 | AL74: 628 | AM74: 570 | AN74: 219 | AO74: 638 | AP74: 1639 | AQ74: 2754 | AR74: 1408 | AS74: 1736 | AT74: 2823 | AU74: 2532 | AV74: =IFERROR(__xludf.DUMMYFUNCTION("""COMPUTED_VALUE"""),2138.0) -> 2138 | AW74: 1051 | AX74: 654 | AY74: 697 | AZ74: 2878 | BA74: 258 | BB74: 1699 | BC74: 2368 | BD74: 1033 | BE74: 832 | BF74: 2061 | BG74: 2329 | BH74: =IFERROR(__xludf.DUMMYFUNCTION("""COMPUTED_VALUE"""),2915.0) -> 2915 | BP74: =SUM(B74:BO74) -> 37511 | BQ74: =iferror(BP74/BP$75,"") -> 0.25727533
A75: Total submissions: | AJ75: =SUM(AJ73:AJ74) -> 2526 | AK75: =SUM(AK73:AK74) -> 1462 | AL75: =SUM(AL73:AL74) -> 1149 | AM75: =SUM(AM73:AM74) -> 994 | AN75: =SUM(AN73:AN74) -> 443 | AO75: =SUM(AO73:AO74) -> 1116 | AP75: =SUM(AP73:AP74) -> 19732 | AQ75: =SUM(AQ73:AQ74) -> 21407 | ... BO75: =SUM(BO73:BO74) -> 0 | BP75: =SUM(B75:BO75) -> 145801 | BQ75: =SUM(BQ73:BQ74) -> 1
A76: % Are you a new or existing customer?
A77: New customer | AJ77: =iferror(AJ73/AJ$75,"") -> 0.56769596 | AK77: =iferror(AK73/AK$75,"") -> 0.61764706 | AL77: =iferror(AL73/AL$75,"") -> 0.45343777 | AM77: =iferror(AM73/AM$75,"") -> 0.42655936 | AN77: =iferror(AN73/AN$75,"") -> 0.50564334 | AO77: =iferror(AO73/AO$75,"") -> 0.42831541 | AP77: =iferror(AP73/AP$75,"") -> 0.91693696 | AQ77: =iferror(AQ73/AQ$75,"") -> 0.87135049 | ... BO77: =iferror(BO73/BO$75,"")
A78: Existing customer | AJ78: =iferror(AJ74/AJ$75,"") -> 0.43230404 | AK78: =iferror(AK74/AK$75,"") -> 0.38235294 | AL78: =iferror(AL74/AL$75,"") -> 0.54656223 | AM78: =iferror(AM74/AM$75,"") -> 0.57344064 | AN78: =iferror(AN74/AN$75,"") -> 0.49435666 | AO78: =iferror(AO74/AO$75,"") -> 0.57168459 | AP78: =iferror(AP74/AP$75,"") -> 0.083063045 | AQ78: =iferror(AQ74/AQ$75,"") -> 0.12864951 | ... BO78: =iferror(BO74/BO$75,"")
A80: Will Bird Buddy be the first bird feeder in your yard?
A81: Yes | AS81: 496 | AT81: 1253 | AU81: 1971 | AV81: =IFERROR(__xludf.DUMMYFUNCTION("IMPORTRANGE(""1FsAayhXBhwQWWhxaeEf32srJkqMhPcXdSHpT-eTbsHA"",""PP - Data!AG27:AG28"")"),1962.0) -> 1962 | AW81: 1281 | AX81: 524 | AY81: 496 | AZ81: 451 | BA81: 269 | BB81: 8033 | BC81: 9860 | BD81: 884 | BE81: 631 | BF81: 1154 | BG81: 1530 | BH81: =IFERROR(__xludf.DUMMYFUNCTION("IMPORTRANGE(""1Z2ZLDM0_m0NNnV5_jRvcRNtM9Z5AZ7o_A94RnrBGQUE"",""PP - Data!AG27:AG28"")"),1388.0) -> 1388 | BP81: =SUM(B81:BO81) -> 32183 | BQ81: =iferror(BP81/BP$83,"") -> 0.35489563
A82: No | AS82: 1072 | AT82: 3426 | AU82: 4094 | AV82: =IFERROR(__xludf.DUMMYFUNCTION("""COMPUTED_VALUE"""),3590.0) -> 3590 | AW82: 1785 | AX82: 894 | AY82: 981 | AZ82: 2967 | BA82: 403 | BB82: 12425 | BC82: 13922 | BD82: 1476 | BE82: 1232 | BF82: 3007 | BG82: 3482 | BH82: =IFERROR(__xludf.DUMMYFUNCTION("""COMPUTED_VALUE"""),3744.0) -> 3744 | BP82: =SUM(B82:BO82) -> 58500 | BQ82: =iferror(BP82/BP$83,"") -> 0.64510437
A83: Total submissions: | AS83: =SUM(AS81:AS82) -> 1568 | AT83: =SUM(AT81:AT82) -> 4679 | AU83: =SUM(AU81:AU82) -> 6065 | AV83: =SUM(AV81:AV82) -> 5552 | AW83: =SUM(AW81:AW82) -> 3066 | AX83: =SUM(AX81:AX82) -> 1418 | AY83: =SUM(AY81:AY82) -> 1477 | AZ83: =SUM(AZ81:AZ82) -> 3418 | ... BO83: =SUM(BO81:BO82) -> 0 | BP83: =SUM(B83:BO83) -> 90683 | BQ83: =SUM(BQ81:BQ82) -> 1
A84: % Will Bird Buddy be the first bird feeder in your yard?
A85: Yes | AS85: =iferror(AS81/AS$83,"") -> 0.31632653 | AT85: =iferror(AT81/AT$83,"") -> 0.26779226 | AU85: =iferror(AU81/AU$83,"") -> 0.32497939 | AV85: =iferror(AV81/AV$83,"") -> 0.35338617 | AW85: =iferror(AW81/AW$83,"") -> 0.41780822 | AX85: =iferror(AX81/AX$83,"") -> 0.36953456 | AY85: =iferror(AY81/AY$83,"") -> 0.33581584 | AZ85: =iferror(AZ81/AZ$83,"") -> 0.13194851 | ... BO85: =iferror(BO81/BO$83,"")
A86: No | AS86: =iferror(AS82/AS$83,"") -> 0.68367347 | AT86: =iferror(AT82/AT$83,"") -> 0.73220774 | AU86: =iferror(AU82/AU$83,"") -> 0.67502061 | AV86: =iferror(AV82/AV$83,"") -> 0.64661383 | AW86: =iferror(AW82/AW$83,"") -> 0.58219178 | AX86: =iferror(AX82/AX$83,"") -> 0.63046544 | AY86: =iferror(AY82/AY$83,"") -> 0.66418416 | AZ86: =iferror(AZ82/AZ$83,"") -> 0.86805149 | ... BO86: =iferror(BO82/BO$83,"")
A88: How old are you?
A89: 18-24 | AP89: 476 | AQ89: 721 | AR89: 53 | AS89: 68 | AT89: 54 | AU89: 110 | AV89: =IFERROR(__xludf.DUMMYFUNCTION("IMPORTRANGE(""1FsAayhXBhwQWWhxaeEf32srJkqMhPcXdSHpT-eTbsHA"",""PP - Data!AG35:AG40"")"),132.0) -> 132 | AW89: 63 | AX89: 23 | AY89: 36 | AZ89: 20 | BA89: 9 | BB89: 446 | BC89: 663 | BD89: 28 | BE89: 17 | BF89: 34 | BG89: 84 | BH89: =IFERROR(__xludf.DUMMYFUNCTION("IMPORTRANGE(""1Z2ZLDM0_m0NNnV5_jRvcRNtM9Z5AZ7o_A94RnrBGQUE"",""PP - Data!AG35:AG40"")"),72.0) -> 72 | BP89: =SUM(B89:BO89) -> 3109 | BQ89: =iferror(BP89/BP$95,"") -> 0.022575773
A90: 25-34 | AP90: 2763 | AQ90: 3558 | AR90: 278 | AS90: 407 | AT90: 342 | AU90: 717 | AV90: =IFERROR(__xludf.DUMMYFUNCTION("""COMPUTED_VALUE"""),707.0) -> 707 | AW90: 365 | AX90: 148 | AY90: 143 | AZ90: 195 | BA90: 64 | BB90: 2326 | BC90: 2700 | BD90: 149 | BE90: 102 | BF90: 266 | BG90: 439 | BH90: =IFERROR(__xludf.DUMMYFUNCTION("""COMPUTED_VALUE"""),431.0) -> 431 | BP90: =SUM(B90:BO90) -> 16100 | BQ90: =iferror(BP90/BP$95,"") -> 0.11690896
A91: 35-44 | AP91: 5073 | AQ91: 5661 | AR91: 641 | AS91: 815 | AT91: 921 | AU91: 1308 | AV91: =IFERROR(__xludf.DUMMYFUNCTION("""COMPUTED_VALUE"""),1380.0) -> 1380 | AW91: 742 | AX91: 302 | AY91: 304 | AZ91: 632 | BA91: 115 | BB91: 4700 | BC91: 5255 | BD91: 369 | BE91: 302 | BF91: 664 | BG91: 1039 | BH91: =IFERROR(__xludf.DUMMYFUNCTION("""COMPUTED_VALUE"""),1084.0) -> 1084 | BP91: =SUM(B91:BO91) -> 31307 | BQ91: =iferror(BP91/BP$95,"") -> 0.22733346
A92: 45-54 | AP92: 5222 | AQ92: 5347 | AR92: 816 | AS92: 922 | AT92: 1028 | AU92: 1407 | AV92: =IFERROR(__xludf.DUMMYFUNCTION("""COMPUTED_VALUE"""),1413.0) -> 1413 | AW92: 769 | AX92: 307 | AY92: 318 | AZ92: 826 | BA92: 140 | BB92: 4860 | BC92: 5664 | BD92: 491 | BE92: 369 | BF92: 905 | BG92: 1161 | BH92: =IFERROR(__xludf.DUMMYFUNCTION("""COMPUTED_VALUE"""),1235.0) -> 1235 | BP92: =SUM(B92:BO92) -> 33200 | BQ92: =iferror(BP92/BP$95,"") -> 0.24107934
A93: 55-64 | AP93: 3642 | AQ93: 3842 | AR93: 893 | AS93: 1053 | AT93: 1094 | AU93: 1325 | AV93: =IFERROR(__xludf.DUMMYFUNCTION("""COMPUTED_VALUE"""),1102.0) -> 1102 | AW93: 629 | AX93: 305 | AY93: 316 | AZ93: 858 | BA93: 143 | BB93: 4382 | BC93: 4985 | BD93: 597 | BE93: 497 | BF93: 1097 | BG93: 1130 | BH93: =IFERROR(__xludf.DUMMYFUNCTION("""COMPUTED_VALUE"""),1169.0) -> 1169 | BP93: =SUM(B93:BO93) -> 29059 | BQ93: =iferror(BP93/BP$95,"") -> 0.21100977
A94: 65+ | AP94: 2159 | AQ94: 2278 | AR94: 911 | AS94: 1000 | AT94: 1240 | AU94: 1198 | AV94: =IFERROR(__xludf.DUMMYFUNCTION("""COMPUTED_VALUE"""),818.0) -> 818 | AW94: 498 | AX94: 333 | AY94: 360 | AZ94: 887 | BA94: 201 | BB94: 3744 | BC94: 4515 | BD94: 726 | BE94: 576 | BF94: 1195 | BG94: 1159 | BH94: =IFERROR(__xludf.DUMMYFUNCTION("""COMPUTED_VALUE"""),1141.0) -> 1141 | BP94: =SUM(B94:BO94) -> 24939 | BQ94: =iferror(BP94/BP$95,"") -> 0.1810927
A95: How old are you? | AP95: =SUM(AP89:AP94) -> 19335 | AQ95: =SUM(AQ89:AQ94) -> 21407 | AR95: =SUM(AR89:AR94) -> 3592 | AS95: =SUM(AS89:AS94) -> 4265 | AT95: =SUM(AT89:AT94) -> 4679 | AU95: =SUM(AU89:AU94) -> 6065 | AV95: =SUM(AV89:AV94) -> 5552 | AW95: =SUM(AW89:AW94) -> 3066 | ... BO95: =SUM(BO89:BO94) -> 0 | BP95: =SUM(B95:BO95) -> 137714 | BQ95: =SUM(BQ89:BQ94) -> 1
A96: How old are you?
A97: 18-24 | AP97: =iferror(AP89/AP$95,"") -> 0.024618567 | AQ97: =iferror(AQ89/AQ$95,"") -> 0.033680572 | AR97: =iferror(AR89/AR$95,"") -> 0.014755011 | AS97: =iferror(AS89/AS$95,"") -> 0.015943728 | AT97: =iferror(AT89/AT$95,"") -> 0.011540928 | AU97: =iferror(AU89/AU$95,"") -> 0.018136851 | AV97: =iferror(AV89/AV$95,"") -> 0.023775216 | AW97: =iferror(AW89/AW$95,"") -> 0.020547945 | ... BO97: =iferror(BO89/BO$95,"")
A98: 25-34 | AP98: =iferror(AP90/AP$95,"") -> 0.14290147 | AQ98: =iferror(AQ90/AQ$95,"") -> 0.16620732 | AR98: =iferror(AR90/AR$95,"") -> 0.077394209 | AS98: =iferror(AS90/AS$95,"") -> 0.095427902 | AT98: =iferror(AT90/AT$95,"") -> 0.073092541 | AU98: =iferror(AU90/AU$95,"") -> 0.11821929 | AV98: =iferror(AV90/AV$95,"") -> 0.1273415 | AW98: =iferror(AW90/AW$95,"") -> 0.11904762 | ... BO98: =iferror(BO90/BO$95,"")
A99: 35-44 | AP99: =iferror(AP91/AP$95,"") -> 0.26237393 | AQ99: =iferror(AQ91/AQ$95,"") -> 0.26444621 | AR99: =iferror(AR91/AR$95,"") -> 0.17845212 | AS99: =iferror(AS91/AS$95,"") -> 0.19109027 | AT99: =iferror(AT91/AT$95,"") -> 0.19683693 | AU99: =iferror(AU91/AU$95,"") -> 0.21566364 | AV99: =iferror(AV91/AV$95,"") -> 0.24855908 | AW99: =iferror(AW91/AW$95,"") -> 0.24200913 | ... BO99: =iferror(BO91/BO$95,"")
A100: 45-54 | AP100: =iferror(AP92/AP$95,"") -> 0.27008017 | AQ100: =iferror(AQ92/AQ$95,"") -> 0.24977811 | AR100: =iferror(AR92/AR$95,"") -> 0.22717149 | AS100: =iferror(AS92/AS$95,"") -> 0.21617819 | AT100: =iferror(AT92/AT$95,"") -> 0.21970507 | AU100: =iferror(AU92/AU$95,"") -> 0.23198681 | AV100: =iferror(AV92/AV$95,"") -> 0.25450288 | AW100: =iferror(AW92/AW$95,"") -> 0.25081539 | ... BO100: =iferror(BO92/BO$95,"")
A101: 55-64 | AP101: =iferror(AP93/AP$95,"") -> 0.18836307 | AQ101: =iferror(AQ93/AQ$95,"") -> 0.179474 | AR101: =iferror(AR93/AR$95,"") -> 0.24860802 | AS101: =iferror(AS93/AS$95,"") -> 0.24689332 | AT101: =iferror(AT93/AT$95,"") -> 0.23381064 | AU101: =iferror(AU93/AU$95,"") -> 0.21846661 | AV101: =iferror(AV93/AV$95,"") -> 0.19848703 | AW101: =iferror(AW93/AW$95,"") -> 0.20515329 | ... BO101: =iferror(BO93/BO$95,"")
A102: 65+ | AP102: =iferror(AP94/AP$95,"") -> 0.11166279 | AQ102: =iferror(AQ94/AQ$95,"") -> 0.10641379 | AR102: =iferror(AR94/AR$95,"") -> 0.25361915 | AS102: =iferror(AS94/AS$95,"") -> 0.23446659 | AT102: =iferror(AT94/AT$95,"") -> 0.26501389 | AU102: =iferror(AU94/AU$95,"") -> 0.19752679 | AV102: =iferror(AV94/AV$95,"") -> 0.14733429 | AW102: =iferror(AW94/AW$95,"") -> 0.16242661 | ... BO102: =iferror(BO94/BO$95,"")
A104: What is your gender?
A105: Male | AP105: 7419 | AQ105: 9569 | AR105: 1473 | AS105: 1623 | AT105: 1840 | AU105: 2714 | AV105: =IFERROR(__xludf.DUMMYFUNCTION("IMPORTRANGE(""1FsAayhXBhwQWWhxaeEf32srJkqMhPcXdSHpT-eTbsHA"",""PP - Data!AG51:AG52"")"),2626.0) -> 2626 | AW105: 882 | AX105: 543 | AY105: 575 | AZ105: 1677 | BA105: 283 | BB105: 8536 | BC105: 12094 | BD105: 1002 | BE105: 804 | BF105: 1707 | BG105: 2465 | BH105: =IFERROR(__xludf.DUMMYFUNCTION("IMPORTRANGE(""1Z2ZLDM0_m0NNnV5_jRvcRNtM9Z5AZ7o_A94RnrBGQUE"",""PP - Data!AG51:AG52"")"),2512.0) -> 2512 | BP105: =SUM(B105:BO105) -> 60344 | BQ105: =iferror(BP105/BP$107,"") -> 0.43818348
A106: Female | AP106: 11916 | AQ106: 11838 | AR106: 2119 | AS106: 2642 | AT106: 2839 | AU106: 3351 | AV106: =IFERROR(__xludf.DUMMYFUNCTION("""COMPUTED_VALUE"""),2926.0) -> 2926 | AW106: 2184 | AX106: 875 | AY106: 902 | AZ106: 1741 | BA106: 389 | BB106: 11922 | BC106: 11688 | BD106: 1358 | BE106: 1059 | BF106: 2454 | BG106: 2547 | BH106: =IFERROR(__xludf.DUMMYFUNCTION("""COMPUTED_VALUE"""),2620.0) -> 2620 | BP106: =SUM(B106:BO106) -> 77370 | BQ106: =iferror(BP106/BP$107,"") -> 0.56181652
A107: Total submissions: | AP107: =SUM(AP105:AP106) -> 19335 | AQ107: =SUM(AQ105:AQ106) -> 21407 | AR107: =SUM(AR105:AR106) -> 3592 | AS107: =SUM(AS105:AS106) -> 4265 | AT107: =SUM(AT105:AT106) -> 4679 | AU107: =SUM(AU105:AU106) -> 6065 | AV107: =SUM(AV105:AV106) -> 5552 | AW107: =SUM(AW105:AW106) -> 3066 | ... BO107: =SUM(BO105:BO106) -> 0 | BP107: =SUM(B107:BO107) -> 137714 | BQ107: =SUM(BQ105:BQ106) -> 1
A108: What is your gender?
A109: Male | AP109: =iferror(AP105/AP$107,"") -> 0.3837083 | AQ109: =iferror(AQ105/AQ$107,"") -> 0.44700332 | AR109: =iferror(AR105/AR$107,"") -> 0.41007795 | AS109: =iferror(AS105/AS$107,"") -> 0.38053927 | AT109: =iferror(AT105/AT$107,"") -> 0.39324642 | AU109: =iferror(AU105/AU$107,"") -> 0.44748557 | AV109: =iferror(AV105/AV$107,"") -> 0.47298271 | AW109: =iferror(AW105/AW$107,"") -> 0.28767123 | ... BO109: =iferror(BO105/BO$107,"")
A110: Female | AP110: =iferror(AP106/AP$107,"") -> 0.6162917 | AQ110: =iferror(AQ106/AQ$107,"") -> 0.55299668 | AR110: =iferror(AR106/AR$107,"") -> 0.58992205 | AS110: =iferror(AS106/AS$107,"") -> 0.61946073 | AT110: =iferror(AT106/AT$107,"") -> 0.60675358 | AU110: =iferror(AU106/AU$107,"") -> 0.55251443 | AV110: =iferror(AV106/AV$107,"") -> 0.52701729 | AW110: =iferror(AW106/AW$107,"") -> 0.71232877 | ... BO110: =iferror(BO106/BO$107,"")
A112: New Customers
A114: Who is this for?
...

Sheet Overview

Sheet PP - Results %
B1: 2021 | H1: 2022 | T1: 2023 | AF1: 2024
A2: Post-purchase Survey | B2: 44392 | C2: 44419 | D2: 44446 | E2: 44473 | F2: 44527 | G2: 44554 | H2: 44581 | I2: 44608 | J2: 44635 | K2: 44662 | L2: 44689 | M2: 44716 | N2: 44743 | O2: 44797 | P2: 44824 | Q2: 44851 | R2: 44878 | S2: 44905 | T2: 44932 | U2: 44959 | V2: 44986 | W2: 45040 | X2: 45057 | Y2: 45098 | Z2: 45113 | AA2: 45155 | AB2: 45175 | AC2: 45217 | AD2: 45246 | AE2: 45266 | AF2: 45310 | AG2: 45330 | AH2: 45357 | AI2: 45399 | AJ2: 45427 | AK2: 45448 | AL2: 45484 | AM2: 45511 | AN2: 45540 | AO2: 45573 | AP2: 45607 | AQ2: 45637 | AR2: 45664 | AS2: 45692 | AT2: 45720 | AU2: 45748 | AV2: 45804 | AW2: 45832 | AX2: 45860 | AY2: 45888 | AZ2: 45916 | BA2: 45944 | BB2: 45972 | BC2: 46000 | BD2: 46028 | BE2: 46056 | BF2: 46112 | BG2: 46140 | BH2: 46168 | BI2: 46196 | BJ2: 46224 | BK2: 46252 | BL2: 46280 | BM2: 46308 | BN2: 46336 | BO2: 46357 | BP2: Total | BQ2: %
A3: All Customers
A5: % Where did you hear about Bird Buddy?
A6: Facebook / Instagram | B6: ='PP - Data'!B20 -> 0.83645184 | C6: ='PP - Data'!C20 -> 0.68617021 | D6: ='PP - Data'!D20 -> 0.56355932 | E6: ='PP - Data'!E20 -> 0.41563275 | F6: ='PP - Data'!F20 -> 0.59517426 | G6: ='PP - Data'!G20 -> 0.29215116 | H6: ='PP - Data'!H20 -> 0.21523579 | I6: ='PP - Data'!I20 -> 0.69031142 | ... BO6: ='PP - Data'!BO20
A7: Friends / Family | B7: ='PP - Data'!B21 -> 0.091476091 | C7: ='PP - Data'!C21 -> 0.18971631 | D7: ='PP - Data'!D21 -> 0.20338983 | E7: ='PP - Data'!E21 -> 0.08560794 | F7: ='PP - Data'!F21 -> 0.18900804 | G7: ='PP - Data'!G21 -> 0.18313953 | H7: ='PP - Data'!H21 -> 0.13905683 | I7: ='PP - Data'!I21 -> 0.10726644 | ... BO7: ='PP - Data'!BO21
A8: Google, Yahoo, Bing | B8: ='PP - Data'!B22 -> 0.026334026 | C8: ='PP - Data'!C22 -> 0.05141844 | D8: ='PP - Data'!D22 -> 0.12288136 | E8: ='PP - Data'!E22 -> 0.040942928 | F8: ='PP - Data'!F22 -> 0.091152815 | G8: ='PP - Data'!G22 -> 0.10465116 | H8: ='PP - Data'!H22 -> 0.11729141 | I8: ='PP - Data'!I22 -> 0.070934256 | ... BO8: ='PP - Data'!BO22
A9: Pinterest | B9: ='PP - Data'!B23 -> 0.026334026 | C9: ='PP - Data'!C23 -> 0.0053191489 | D9: ='PP - Data'!D23 -> 0.029661017 | E9: ='PP - Data'!E23 -> 0.0024813896 | F9: ='PP - Data'!F23 -> 0.012064343 | G9: ='PP - Data'!G23 -> 0.01744186 | H9: ='PP - Data'!H23 -> 0.0048367594 | I9: ='PP - Data'!I23 -> 0.0051903114 | ... BO9: ='PP - Data'!BO23
A10: TikTok | B10: ='PP - Data'!B24 -> 0.01039501 | C10: ='PP - Data'!C24 -> 0.015957447 | D10: ='PP - Data'!D24 -> 0.0042372881 | E10: ='PP - Data'!E24 -> 0.0049627792 | F10: ='PP - Data'!F24 -> 0.009383378 | G10: ='PP - Data'!G24 -> 0.0058139535 | H10: ='PP - Data'!H24 -> 0.0024183797 | I10: ='PP - Data'!I24 -> 0.0069204152 | ... BO10: ='PP - Data'!BO24
A11: TV / Radio | B11: ='PP - Data'!B25 -> 0.0076230076 | C11: ='PP - Data'!C25 -> 0.015957447 | D11: ='PP - Data'!D25 -> 0.016949153 | E11: ='PP - Data'!E25 -> 0.41811414 | F11: ='PP - Data'!F25 -> 0.04155496 | G11: ='PP - Data'!G25 -> 0.31540698 | H11: ='PP - Data'!H25 -> 0.10399033 | I11: ='PP - Data'!I25 -> 0.027681661 | ... BO11: ='PP - Data'!BO25
A12: Blog / Article | B12: ='PP - Data'!B26 -> 0.0013860014 | C12: ='PP - Data'!C26 -> 0.035460993 | D12: ='PP - Data'!D26 -> 0.059322034 | E12: ='PP - Data'!E26 -> 0.032258065 | F12: ='PP - Data'!F26 -> 0.061662198 | G12: ='PP - Data'!G26 -> 0.081395349 | H12: ='PP - Data'!H26 -> 0.4171705 | I12: ='PP - Data'!I26 -> 0.091695502 | ... AM12: ='PP - Data'!AM26 -> 0.076458753 | AO12: ='PP - Data'!AO26 -> 0.10394265 | AP12: ='PP - Data'!AP26 -> 0.021639976 | AQ12: ='PP - Data'!AQ26 -> 0.02606624 | AR12: ='PP - Data'!AR26 -> 0.052060134 | AS12: ='PP - Data'!AS26 -> 0.041500586 | AT12: ='PP - Data'!AT26 -> 0.044026501 | AU12: ='PP - Data'!AU26 -> 0.034789777 | AV12: ='PP - Data'!AV26 -> 0.038004323 | ... BO12: ='PP - Data'!BO26
A13: Google / Youtube | B13: ='PP - Data'!B27 | C13: ='PP - Data'!C27 | D13: ='PP - Data'!D27 | E13: ='PP - Data'!E27 | F13: ='PP - Data'!F27 | G13: ='PP - Data'!G27 | H13: ='PP - Data'!H27 | I13: ='PP - Data'!I27 | ... BO13: ='PP - Data'!BO27
A14: Reddit | B14: ='PP - Data'!B28 | C14: ='PP - Data'!C28 | D14: ='PP - Data'!D28 | E14: ='PP - Data'!E28 | F14: ='PP - Data'!F28 | G14: ='PP - Data'!G28 | H14: ='PP - Data'!H28 | I14: ='PP - Data'!I28 | ... BO14: ='PP - Data'!BO28
A15: Yahoo / Bing | B15: ='PP - Data'!B29 | C15: ='PP - Data'!C29 | D15: ='PP - Data'!D29 | E15: ='PP - Data'!E29 | F15: ='PP - Data'!F29 | G15: ='PP - Data'!G29 | H15: ='PP - Data'!H29 | I15: ='PP - Data'!I29 | ... BO15: ='PP - Data'!BO29
A18: % Where on Facebook/Instagram have you heard about Bird Buddy?
A19: I saw an ad | B19: ='PP - Data'!B38 | C19: ='PP - Data'!C38 | D19: ='PP - Data'!D38 | E19: ='PP - Data'!E38 | F19: ='PP - Data'!F38 | G19: ='PP - Data'!G38 | H19: ='PP - Data'!H38 | I19: ='PP - Data'!I38 | ... AA19: ='PP - Data'!AA38 | AB19: I saw an ad | AC19: ='PP - Data'!AC38 -> 0.81550969 | AD19: ='PP - Data'!AD38 -> 0.86713132 | AE19: ='PP - Data'!AE38 -> 0.84517021 | AF19: ='PP - Data'!AF38 -> 0.72452229 | AG19: ='PP - Data'!AG38 -> 0.71231979 | AH19: ='PP - Data'!AH38 -> 0.73871278 | AI19: ='PP - Data'!AI38 -> 0.7037037 | AJ19: ='PP - Data'!AJ38 -> 0.74792703 | ... BO19: ='PP - Data'!BO38
A20: I saw a post about Bird Buddy on my friend's feed | B20: ='PP - Data'!B39 | C20: ='PP - Data'!C39 | D20: ='PP - Data'!D39 | E20: ='PP - Data'!E39 | F20: ='PP - Data'!F39 | G20: ='PP - Data'!G39 | H20: ='PP - Data'!H39 | I20: ='PP - Data'!I39 | ... AA20: ='PP - Data'!AA39 | AB20: I saw a post about Bird Buddy on my friend's feed | AC20: ='PP - Data'!AC39 -> 0.06441526 | AD20: ='PP - Data'!AD39 -> 0.054873327 | AE20: ='PP - Data'!AE39 -> 0.066701227 | AF20: ='PP - Data'!AF39 -> 0.1433121 | AG20: ='PP - Data'!AG39 -> 0.12975098 | AH20: ='PP - Data'!AH39 -> 0.093179635 | AI20: ='PP - Data'!AI39 -> 0.20987654 | AJ20: ='PP - Data'!AJ39 -> 0.11608624 | ... BO20: ='PP - Data'!BO39
A21: I saw an organic post from Bird Buddy | B21: ='PP - Data'!B40 | C21: ='PP - Data'!C40 | D21: ='PP - Data'!D40 | E21: ='PP - Data'!E40 | F21: ='PP - Data'!F40 | G21: ='PP - Data'!G40 | H21: ='PP - Data'!H40 | I21: ='PP - Data'!I40 | ... AA21: ='PP - Data'!AA40 | AB21: I saw an organic post from Bird Buddy | AC21: ='PP - Data'!AC40 -> 0.12007505 | AD21: ='PP - Data'!AD40 -> 0.077995353 | AE21: ='PP - Data'!AE40 -> 0.088128564 | AF21: ='PP - Data'!AF40 -> 0.13216561 | AG21: ='PP - Data'!AG40 -> 0.15792923 | AH21: ='PP - Data'!AH40 -> 0.16810759 | AI21: ='PP - Data'!AI40 -> 0.086419753 | AJ21: ='PP - Data'!AJ40 -> 0.13598673 | ... BO21: ='PP - Data'!BO40
A24: % Who is this for?
A25: Just me | B25: ='PP - Data'!B50 | C25: ='PP - Data'!C50 | D25: ='PP - Data'!D50 | E25: ='PP - Data'!E50 | F25: ='PP - Data'!F50 | G25: ='PP - Data'!G50 | H25: ='PP - Data'!H50 | I25: ='PP - Data'!I50 | ... AB25: ='PP - Data'!AB50 | AC25: Just me | AD25: ='PP - Data'!AD50 -> 0.046719202 | AE25: ='PP - Data'!AE50 -> 0.045990304 | AF25: ='PP - Data'!AF50 -> 0.28716079 | AG25: ='PP - Data'!AG50 -> 0.31922014 | AH25: ='PP - Data'!AH50 -> 0.28663905 | AI25: ='PP - Data'!AI50 -> 0.24547804 | AJ25: ='PP - Data'!AJ50 -> 0.17022961 | AK25: ='PP - Data'!AK50 -> 0.17031464 | ... BO25: ='PP - Data'!BO50
A26: My parents | B26: ='PP - Data'!B51 | C26: ='PP - Data'!C51 | D26: ='PP - Data'!D51 | E26: ='PP - Data'!E51 | F26: ='PP - Data'!F51 | G26: ='PP - Data'!G51 | H26: ='PP - Data'!H51 | I26: ='PP - Data'!I51 | ... AB26: ='PP - Data'!AB51 | AC26: My parents | AD26: ='PP - Data'!AD51 -> 0.51391123 | AE26: ='PP - Data'!AE51 -> 0.46906552 | AF26: ='PP - Data'!AF51 -> 0.19603078 | AG26: ='PP - Data'!AG51 -> 0.13312964 | AH26: ='PP - Data'!AH51 -> 0.17037804 | AI26: ='PP - Data'!AI51 -> 0.22739018 | AJ26: ='PP - Data'!AJ51 -> 0.38361045 | AK26: ='PP - Data'!AK51 -> 0.32626539 | ... BO26: ='PP - Data'!BO51
A27: Spouse | B27: ='PP - Data'!B52 | C27: ='PP - Data'!C52 | D27: ='PP - Data'!D52 | E27: ='PP - Data'!E52 | F27: ='PP - Data'!F52 | G27: ='PP - Data'!G52 | H27: ='PP - Data'!H52 | I27: ='PP - Data'!I52 | ... AB27: ='PP - Data'!AB52 | AC27: Spouse | AD27: ='PP - Data'!AD52 -> 0.25450306 | AE27: ='PP - Data'!AE52 -> 0.29800294 | AF27: ='PP - Data'!AF52 -> 0.20534629 | AG27: ='PP - Data'!AG52 -> 0.17372326 | AH27: ='PP - Data'!AH52 -> 0.20326256 | AI27: ='PP - Data'!AI52 -> 0.2118863 | AJ27: ='PP - Data'!AJ52 -> 0.24228029 | AK27: ='PP - Data'!AK52 -> 0.24623803 | ... BO27: ='PP - Data'!BO52
A28: I will use with my family | B28: ='PP - Data'!B53 | C28: ='PP - Data'!C53 | D28: ='PP - Data'!D53 | E28: ='PP - Data'!E53 | F28: ='PP - Data'!F53 | G28: ='PP - Data'!G53 | H28: ='PP - Data'!H53 | I28: ='PP - Data'!I53 | ... AB28: ='PP - Data'!AB53 | AC28: I will use with my family | AD28: ='PP - Data'!AD53 -> 0.18486652 | AE28: ='PP - Data'!AE53 -> 0.18694124 | AF28: ='PP - Data'!AF53 -> 0.31146213 | AG28: ='PP - Data'!AG53 -> 0.37392696 | AH28: ='PP - Data'!AH53 -> 0.33972035 | AI28: ='PP - Data'!AI53 -> 0.31524548 | AJ28: ='PP - Data'!AJ53 -> 0.20387965 | AK28: ='PP - Data'!AK53 -> 0.25718194 | ... BO28: ='PP - Data'!BO53
A31: % Did you buy this for your household?
A32: Yes | B32: ='PP - Data'!B61 | C32: ='PP - Data'!C61 | D32: ='PP - Data'!D61 | E32: ='PP - Data'!E61 | F32: ='PP - Data'!F61 | G32: ='PP - Data'!G61 | H32: ='PP - Data'!H61 | I32: ='PP - Data'!I61 | ... AI32: ='PP - Data'!AI61 | AJ32: Yes | AK32: ='PP - Data'!AK61 -> 0.65178571 | AL32: ='PP - Data'!AL61 -> 0.78154917 | AM32: ='PP - Data'!AM61 -> 0.75352113 | AN32: ='PP - Data'!AN61 -> 0.73363431 | AO32: ='PP - Data'!AO61 -> 0.79749104 | AP32: ='PP - Data'!AP61 -> 0.53268802 | AQ32: ='PP - Data'!AQ61 -> 0.53230252 | AR32: ='PP - Data'!AR61 -> 0.81041203 | ... BO32: ='PP - Data'!BO61
A33: No | B33: ='PP - Data'!B62 | C33: ='PP - Data'!C62 | D33: ='PP - Data'!D62 | E33: ='PP - Data'!E62 | F33: ='PP - Data'!F62 | G33: ='PP - Data'!G62 | H33: ='PP - Data'!H62 | I33: ='PP - Data'!I62 | ... AI33: ='PP - Data'!AI62 | AJ33: No | AK33: ='PP - Data'!AK62 -> 0.34821429 | AL33: ='PP - Data'!AL62 -> 0.21845083 | AM33: ='PP - Data'!AM62 -> 0.24647887 | AN33: ='PP - Data'!AN62 -> 0.26636569 | AO33: ='PP - Data'!AO62 -> 0.20250896 | AP33: ='PP - Data'!AP62 -> 0.46731198 | AQ33: ='PP - Data'!AQ62 -> 0.46769748 | AR33: ='PP - Data'!AR62 -> 0.18958797 | ... BO33: ='PP - Data'!BO62
A35: % Did you buy this as a gift?
A36: Yes | B36: ='PP - Data'!B69 | C36: ='PP - Data'!C69 | D36: ='PP - Data'!D69 | E36: ='PP - Data'!E69 | F36: ='PP - Data'!F69 | G36: ='PP - Data'!G69 | H36: ='PP - Data'!H69 | I36: ='PP - Data'!I69 | ... AI36: ='PP - Data'!AI69 | AJ36: Yes | AK36: ='PP - Data'!AK69 -> 0.67633929 | AL36: ='PP - Data'!AL69 -> 0.46214099 | AM36: ='PP - Data'!AM69 -> 0.49698189 | AN36: ='PP - Data'!AN69 -> 0.503386 | AO36: ='PP - Data'!AO69 -> 0.48297491 | AP36: ='PP - Data'!AP69 -> 0.91399757 | AQ36: ='PP - Data'!AQ69 -> 0.90559163 | AR36: ='PP - Data'!AR69 -> 0.43930958 | ... BO36: ='PP - Data'!BO69
A37: No | B37: ='PP - Data'!B70 | C37: ='PP - Data'!C70 | D37: ='PP - Data'!D70 | E37: ='PP - Data'!E70 | F37: ='PP - Data'!F70 | G37: ='PP - Data'!G70 | H37: ='PP - Data'!H70 | I37: ='PP - Data'!I70 | ... AI37: ='PP - Data'!AI70 | AJ37: No | AK37: ='PP - Data'!AK70 -> 0.32366071 | AL37: ='PP - Data'!AL70 -> 0.53785901 | AM37: ='PP - Data'!AM70 -> 0.50301811 | AN37: ='PP - Data'!AN70 -> 0.496614 | AO37: ='PP - Data'!AO70 -> 0.51702509 | AP37: ='PP - Data'!AP70 -> 0.086002433 | AQ37: ='PP - Data'!AQ70 -> 0.094408371 | AR37: ='PP - Data'!AR70 -> 0.56069042 | ... BO37: ='PP - Data'!BO70
A39: % Are you a new or existing customer?
A40: New customer | B40: ='PP - Data'!B77 | C40: ='PP - Data'!C77 | D40: ='PP - Data'!D77 | E40: ='PP - Data'!E77 | F40: ='PP - Data'!F77 | G40: ='PP - Data'!G77 | H40: ='PP - Data'!H77 | I40: ='PP - Data'!I77 | ... AH40: ='PP - Data'!AH77 | AI40: New customer | AJ40: ='PP - Data'!AJ77 -> 0.56769596 | AK40: ='PP - Data'!AK77 -> 0.61764706 | AL40: ='PP - Data'!AL77 -> 0.45343777 | AM40: ='PP - Data'!AM77 -> 0.42655936 | AN40: ='PP - Data'!AN77 -> 0.50564334 | AO40: ='PP - Data'!AO77 -> 0.42831541 | AP40: ='PP - Data'!AP77 -> 0.91693696 | AQ40: ='PP - Data'!AQ77 -> 0.87135049 | ... BO40: ='PP - Data'!BO77
A41: Existing customer | B41: ='PP - Data'!B78 | C41: ='PP - Data'!C78 | D41: ='PP - Data'!D78 | E41: ='PP - Data'!E78 | F41: ='PP - Data'!F78 | G41: ='PP - Data'!G78 | H41: ='PP - Data'!H78 | I41: ='PP - Data'!I78 | ... AH41: ='PP - Data'!AH78 | AI41: Existing customer | AJ41: ='PP - Data'!AJ78 -> 0.43230404 | AK41: ='PP - Data'!AK78 -> 0.38235294 | AL41: ='PP - Data'!AL78 -> 0.54656223 | AM41: ='PP - Data'!AM78 -> 0.57344064 | AN41: ='PP - Data'!AN78 -> 0.49435666 | AO41: ='PP - Data'!AO78 -> 0.57168459 | AP41: ='PP - Data'!AP78 -> 0.083063045 | AQ41: ='PP - Data'!AQ78 -> 0.12864951 | ... BO41: ='PP - Data'!BO78
A43: % Will Bird Buddy be the first bird feeder in your yard?
A44: Yes | AR44: Yes | AS44: ='PP - Data'!AS85 -> 0.31632653 | AT44: ='PP - Data'!AT85 -> 0.26779226 | AU44: ='PP - Data'!AU85 -> 0.32497939 | AV44: ='PP - Data'!AV85 -> 0.35338617 | AW44: ='PP - Data'!AW85 -> 0.41780822 | AX44: ='PP - Data'!AX85 -> 0.36953456 | AY44: ='PP - Data'!AY85 -> 0.33581584 | AZ44: ='PP - Data'!AZ85 -> 0.13194851 | ... BO44: ='PP - Data'!BO85
A45: No | AR45: No | AS45: ='PP - Data'!AS86 -> 0.68367347 | AT45: ='PP - Data'!AT86 -> 0.73220774 | AU45: ='PP - Data'!AU86 -> 0.67502061 | AV45: ='PP - Data'!AV86 -> 0.64661383 | AW45: ='PP - Data'!AW86 -> 0.58219178 | AX45: ='PP - Data'!AX86 -> 0.63046544 | AY45: ='PP - Data'!AY86 -> 0.66418416 | AZ45: ='PP - Data'!AZ86 -> 0.86805149 | ... BO45: ='PP - Data'!BO86
A47: How old are you?
A48: 18-24 | AO48: 18-24 | AP48: ='PP - Data'!AP97 -> 0.024618567 | AQ48: ='PP - Data'!AQ97 -> 0.033680572 | AR48: ='PP - Data'!AR97 -> 0.014755011 | AS48: ='PP - Data'!AS97 -> 0.015943728 | AT48: ='PP - Data'!AT97 -> 0.011540928 | AU48: ='PP - Data'!AU97 -> 0.018136851 | AV48: ='PP - Data'!AV97 -> 0.023775216 | AW48: ='PP - Data'!AW97 -> 0.020547945 | ... BO48: ='PP - Data'!BO97
A49: 25-34 | AO49: 25-34 | AP49: ='PP - Data'!AP98 -> 0.14290147 | AQ49: ='PP - Data'!AQ98 -> 0.16620732 | AR49: ='PP - Data'!AR98 -> 0.077394209 | AS49: ='PP - Data'!AS98 -> 0.095427902 | AT49: ='PP - Data'!AT98 -> 0.073092541 | AU49: ='PP - Data'!AU98 -> 0.11821929 | AV49: ='PP - Data'!AV98 -> 0.1273415 | AW49: ='PP - Data'!AW98 -> 0.11904762 | ... BO49: ='PP - Data'!BO98
A50: 35-44 | AO50: 35-44 | AP50: ='PP - Data'!AP99 -> 0.26237393 | AQ50: ='PP - Data'!AQ99 -> 0.26444621 | AR50: ='PP - Data'!AR99 -> 0.17845212 | AS50: ='PP - Data'!AS99 -> 0.19109027 | AT50: ='PP - Data'!AT99 -> 0.19683693 | AU50: ='PP - Data'!AU99 -> 0.21566364 | AV50: ='PP - Data'!AV99 -> 0.24855908 | AW50: ='PP - Data'!AW99 -> 0.24200913 | ... BO50: ='PP - Data'!BO99
A51: 45-54 | AO51: 45-54 | AP51: ='PP - Data'!AP100 -> 0.27008017 | AQ51: ='PP - Data'!AQ100 -> 0.24977811 | AR51: ='PP - Data'!AR100 -> 0.22717149 | AS51: ='PP - Data'!AS100 -> 0.21617819 | AT51: ='PP - Data'!AT100 -> 0.21970507 | AU51: ='PP - Data'!AU100 -> 0.23198681 | AV51: ='PP - Data'!AV100 -> 0.25450288 | AW51: ='PP - Data'!AW100 -> 0.25081539 | ... BO51: ='PP - Data'!BO100
A52: 55-64 | AO52: 55-64 | AP52: ='PP - Data'!AP101 -> 0.18836307 | AQ52: ='PP - Data'!AQ101 -> 0.179474 | AR52: ='PP - Data'!AR101 -> 0.24860802 | AS52: ='PP - Data'!AS101 -> 0.24689332 | AT52: ='PP - Data'!AT101 -> 0.23381064 | AU52: ='PP - Data'!AU101 -> 0.21846661 | AV52: ='PP - Data'!AV101 -> 0.19848703 | AW52: ='PP - Data'!AW101 -> 0.20515329 | ... BO52: ='PP - Data'!BO101
A53: 65+ | AO53: 65+ | AP53: ='PP - Data'!AP102 -> 0.11166279 | AQ53: ='PP - Data'!AQ102 -> 0.10641379 | AR53: ='PP - Data'!AR102 -> 0.25361915 | AS53: ='PP - Data'!AS102 -> 0.23446659 | AT53: ='PP - Data'!AT102 -> 0.26501389 | AU53: ='PP - Data'!AU102 -> 0.19752679 | AV53: ='PP - Data'!AV102 -> 0.14733429 | AW53: ='PP - Data'!AW102 -> 0.16242661 | ... BO53: ='PP - Data'!BO102
A55: What is your gender?
A56: Male | AO56: Male | AP56: ='PP - Data'!AP109 -> 0.3837083 | AQ56: ='PP - Data'!AQ109 -> 0.44700332 | AR56: ='PP - Data'!AR109 -> 0.41007795 | AS56: ='PP - Data'!AS109 -> 0.38053927 | AT56: ='PP - Data'!AT109 -> 0.39324642 | AU56: ='PP - Data'!AU109 -> 0.44748557 | AV56: ='PP - Data'!AV109 -> 0.47298271 | AW56: ='PP - Data'!AW109 -> 0.28767123 | ... BO56: ='PP - Data'!BO109
A57: Female | AO57: Female | AP57: ='PP - Data'!AP110 -> 0.6162917 | AQ57: ='PP - Data'!AQ110 -> 0.55299668 | AR57: ='PP - Data'!AR110 -> 0.58992205 | AS57: ='PP - Data'!AS110 -> 0.61946073 | AT57: ='PP - Data'!AT110 -> 0.60675358 | AU57: ='PP - Data'!AU110 -> 0.55251443 | AV57: ='PP - Data'!AV110 -> 0.52701729 | AW57: ='PP - Data'!AW110 -> 0.71232877 | ... BO57: ='PP - Data'!BO110
A59: New Customers
A61: % Who is this for?
A62: Just me | B62: ='PP - Data'!B121 | C62: ='PP - Data'!C121 | D62: ='PP - Data'!D121 | E62: ='PP - Data'!E121 | F62: ='PP - Data'!F121 | G62: ='PP - Data'!G121 | H62: ='PP - Data'!H121 | I62: ='PP - Data'!I121 | ... AH62: ='PP - Data'!AH121 | AI62: Just me | AJ62: ='PP - Data'!AJ121 -> 0.10251046 | AK62: ='PP - Data'!AK121 -> 0.10852713 | AL62: ='PP - Data'!AL121 -> 0.20729367 | AM62: ='PP - Data'!AM121 -> 0.16981132 | AN62: ='PP - Data'!AN121 -> 0.13392857 | AO62: ='PP - Data'!AO121 -> 0.11506276 | AP62: ='PP - Data'!AP121 -> 0.043055325 | AQ62: ='PP - Data'!AQ121 -> 0.03232724 | ... BO62: ='PP - Data'!BO121
A63: My parents | B63: ='PP - Data'!B122 | C63: ='PP - Data'!C122 | D63: ='PP - Data'!D122 | E63: ='PP - Data'!E122 | F63: ='PP - Data'!F122 | G63: ='PP - Data'!G122 | H63: ='PP - Data'!H122 | I63: ='PP - Data'!I122 | ... AH63: ='PP - Data'!AH122 | AI63: My parents | AJ63: ='PP - Data'!AJ122 -> 0.42119944 | AK63: ='PP - Data'!AK122 -> 0.37763012 | AL63: ='PP - Data'!AL122 -> 0.25143954 | AM63: ='PP - Data'!AM122 -> 0.25943396 | AN63: ='PP - Data'!AN122 -> 0.25 | AO63: ='PP - Data'!AO122 -> 0.28033473 | AP63: ='PP - Data'!AP122 -> 0.45785663 | AQ63: ='PP - Data'!AQ122 -> 0.5065137 | ... BO63: ='PP - Data'!BO122
A64: Spouse | B64: ='PP - Data'!B123 | C64: ='PP - Data'!C123 | D64: ='PP - Data'!D123 | E64: ='PP - Data'!E123 | F64: ='PP - Data'!F123 | G64: ='PP - Data'!G123 | H64: ='PP - Data'!H123 | I64: ='PP - Data'!I123 | ... AH64: ='PP - Data'!AH123 | AI64: Spouse | AJ64: ='PP - Data'!AJ123 -> 0.30753138 | AK64: ='PP - Data'!AK123 -> 0.31339978 | AL64: ='PP - Data'!AL123 -> 0.25911708 | AM64: ='PP - Data'!AM123 -> 0.25707547 | AN64: ='PP - Data'!AN123 -> 0.26339286 | AO64: ='PP - Data'!AO123 -> 0.30334728 | AP64: ='PP - Data'!AP123 -> 0.33383076 | AQ64: ='PP - Data'!AQ123 -> 0.31882271 | ... BO64: ='PP - Data'!BO123
A65: I will use with my family | B65: ='PP - Data'!B124 | C65: ='PP - Data'!C124 | D65: ='PP - Data'!D124 | E65: ='PP - Data'!E124 | F65: ='PP - Data'!F124 | G65: ='PP - Data'!G124 | H65: ='PP - Data'!H124 | I65: ='PP - Data'!I124 | ... AH65: ='PP - Data'!AH124 | AI65: I will use with my family | AJ65: ='PP - Data'!AJ124 -> 0.16875872 | AK65: ='PP - Data'!AK124 -> 0.20044297 | AL65: ='PP - Data'!AL124 -> 0.28214971 | AM65: ='PP - Data'!AM124 -> 0.31367925 | AN65: ='PP - Data'!AN124 -> 0.35267857 | AO65: ='PP - Data'!AO124 -> 0.30125523 | AP65: ='PP - Data'!AP124 -> 0.16525728 | AQ65: ='PP - Data'!AQ124 -> 0.14233635 | ... BO65: ='PP - Data'!BO124
A66: % Where did you hear about Bird Buddy?
A67: Facebook / Instagram | B67: ='PP - Data'!B136 | C67: ='PP - Data'!C136 | D67: ='PP - Data'!D136 | E67: ='PP - Data'!E136 | F67: ='PP - Data'!F136 | G67: ='PP - Data'!G136 | H67: ='PP - Data'!H136 | I67: ='PP - Data'!I136 | ... AH67: ='PP - Data'!AH136 | AI67: Facebook / Instagram | AJ67: ='PP - Data'!AJ136 -> 0.20920502 | AK67: ='PP - Data'!AK136 -> 0.25581395 | AL67: ='PP - Data'!AL136 -> 0.2303263 | AM67: ='PP - Data'!AM136 -> 0.25471698 | AN67: ='PP - Data'!AN136 -> 0.37053571 | AO67: ='PP - Data'!AO136 -> 0.48117155 | AP67: ='PP - Data'!AP136 -> 0.73713591 | AQ67: ='PP - Data'!AQ136 -> 0.62928215 | ... BO67: ='PP - Data'!BO136
A68: Friends / Family | B68: ='PP - Data'!B137 | C68: ='PP - Data'!C137 | D68: ='PP - Data'!D137 | E68: ='PP - Data'!E137 | F68: ='PP - Data'!F137 | G68: ='PP - Data'!G137 | H68: ='PP - Data'!H137 | I68: ='PP - Data'!I137 | ... AH68: ='PP - Data'!AH137 | AI68: Friends / Family | AJ68: ='PP - Data'!AJ137 -> 0.5404463 | AK68: ='PP - Data'!AK137 -> 0.56035437 | AL68: ='PP - Data'!AL137 -> 0.57005758 | AM68: ='PP - Data'!AM137 -> 0.54716981 | AN68: ='PP - Data'!AN137 -> 0.45982143 | AO68: ='PP - Data'!AO137 -> 0.31589958 | AP68: ='PP - Data'!AP137 -> 0.17078428 | AQ68: ='PP - Data'!AQ137 -> 0.22714845 | ... BO68: ='PP - Data'!BO137
A69: TikTok | B69: ='PP - Data'!B138 | C69: ='PP - Data'!C138 | D69: ='PP - Data'!D138 | E69: ='PP - Data'!E138 | F69: ='PP - Data'!F138 | G69: ='PP - Data'!G138 | H69: ='PP - Data'!H138 | I69: ='PP - Data'!I138 | ... AH69: ='PP - Data'!AH138 | AI69: TikTok | AJ69: ='PP - Data'!AJ138 -> 0.033472803 | AK69: ='PP - Data'!AK138 -> 0.022148394 | AL69: ='PP - Data'!AL138 -> 0.0057581574 | AM69: ='PP - Data'!AM138 -> 0.011792453 | AN69: ='PP - Data'!AN138 -> 0.0044642857 | AO69: ='PP - Data'!AO138 -> 0.010460251 | AP69: ='PP - Data'!AP138 -> 0.012214669 | AQ69: ='PP - Data'!AQ138 -> 0.037152201 | ... BO69: ='PP - Data'!BO138
A70: TV / Radio | B70: ='PP - Data'!B139 | C70: ='PP - Data'!C139 | D70: ='PP - Data'!D139 | E70: ='PP - Data'!E139 | F70: ='PP - Data'!F139 | G70: ='PP - Data'!G139 | H70: ='PP - Data'!H139 | I70: ='PP - Data'!I139 | ... AH70: ='PP - Data'!AH139 | AI70: TV / Radio | AJ70: ='PP - Data'!AJ139 -> 0.016736402 | AK70: ='PP - Data'!AK139 -> 0.012181617 | AL70: ='PP - Data'!AL139 -> 0.013435701 | AM70: ='PP - Data'!AM139 -> 0.011792453 | AN70: ='PP - Data'!AN139 -> 0.017857143 | AO70: ='PP - Data'!AO139 -> 0.054393305 | AP70: ='PP - Data'!AP139 -> 0.010888189 | AQ70: ='PP - Data'!AQ139 -> 0.012812952 | ... BO70: ='PP - Data'!BO139
A71: Blog / Article | B71: ='PP - Data'!B140 | C71: ='PP - Data'!C140 | D71: ='PP - Data'!D140 | E71: ='PP - Data'!E140 | F71: ='PP - Data'!F140 | G71: ='PP - Data'!G140 | H71: ='PP - Data'!H140 | I71: ='PP - Data'!I140 | ... AH71: ='PP - Data'!AH140 | AI71: Blog / Article | AJ71: ='PP - Data'!AJ140 -> 0.073919107 | AK71: ='PP - Data'!AK140 -> 0.049833887 | AL71: ='PP - Data'!AL140 -> 0.088291747 | AM71: ='PP - Data'!AM140 -> 0.068396226 | AN71: ='PP - Data'!AN140 -> 0.049107143 | AO71: ='PP - Data'!AO140 -> 0.037656904 | AP71: ='PP - Data'!AP140 -> 0.017575858 | AQ71: ='PP - Data'!AQ140 -> 0.020800944 | ... BO71: ='PP - Data'!BO140
A72: Reddit | B72: ='PP - Data'!B141 | C72: ='PP - Data'!C141 | D72: ='PP - Data'!D141 | E72: ='PP - Data'!E141 | F72: ='PP - Data'!F141 | G72: ='PP - Data'!G141 | H72: ='PP - Data'!H141 | I72: ='PP - Data'!I141 | ... AH72: ='PP - Data'!AH141 | AI72: Reddit | AJ72: ='PP - Data'!AJ141 -> 0.014644351 | AK72: ='PP - Data'!AK141 -> 0.013289037 | AL72: ='PP - Data'!AL141 -> 0.013435701 | AM72: ='PP - Data'!AM141 -> 0.011792453 | AN72: ='PP - Data'!AN141 -> 0.013392857 | AO72: ='PP - Data'!AO141 -> 0.0020920502 | AP72: ='PP - Data'!AP141 -> 0.0044215995 | AQ72: ='PP - Data'!AQ141 -> 0.0078807698 | ... BO72: ='PP - Data'!BO141
A73: Google, Youtube | B73: ='PP - Data'!B142 | C73: ='PP - Data'!C142 | D73: ='PP - Data'!D142 | E73: ='PP - Data'!E142 | F73: ='PP - Data'!F142 | G73: ='PP - Data'!G142 | H73: ='PP - Data'!H142 | I73: ='PP - Data'!I142 | ... AH73: ='PP - Data'!AH142 | AI73: Google, Youtube | AJ73: ='PP - Data'!AJ142 -> 0.10739191 | AK73: ='PP - Data'!AK142 -> 0.083056478 | AL73: ='PP - Data'!AL142 -> 0.078694818 | AM73: ='PP - Data'!AM142 -> 0.094339623 | AN73: ='PP - Data'!AN142 -> 0.084821429 | AO73: ='PP - Data'!AO142 -> 0.09623431 | AP73: ='PP - Data'!AP142 -> 0.045155585 | AQ73: ='PP - Data'!AQ142 -> 0.06234922 | ... BO73: ='PP - Data'!BO142
A74: Yahoo / Bing | B74: ='PP - Data'!B143 | C74: ='PP - Data'!C143 | D74: ='PP - Data'!D143 | E74: ='PP - Data'!E143 | F74: ='PP - Data'!F143 | G74: ='PP - Data'!G143 | H74: ='PP - Data'!H143 | I74: ='PP - Data'!I143 | ... AH74: ='PP - Data'!AH143 | AI74: Yahoo / Bing | AJ74: ='PP - Data'!AJ143 -> 0.0041841004 | AK74: ='PP - Data'!AK143 -> 0.0033222591 | AL74: ='PP - Data'!AL143 -> 0 | AM74: ='PP - Data'!AM143 -> 0 | AN74: ='PP - Data'!AN143 -> 0 | AO74: ='PP - Data'!AO143 -> 0.0020920502 | AP74: ='PP - Data'!AP143 -> 0.0018239098 | AQ74: ='PP - Data'!AQ143 -> 0.0025733126 | ... BO74: ='PP - Data'!BO143
A75: % Where on Facebook/Instagram have you heard about Bird Buddy?
A76: I saw an ad | B76: ='PP - Data'!B150 | C76: ='PP - Data'!C150 | D76: ='PP - Data'!D150 | E76: ='PP - Data'!E150 | F76: ='PP - Data'!F150 | G76: ='PP - Data'!G150 | H76: ='PP - Data'!H150 | I76: ='PP - Data'!I150 | ... AH76: ='PP - Data'!AH150 | AI76: I saw an ad | AJ76: ='PP - Data'!AJ150 -> 0.76333333 | AK76: ='PP - Data'!AK150 -> 0.74891775 | AL76: ='PP - Data'!AL150 -> 0.76666667 | AM76: ='PP - Data'!AM150 -> 0.75925926 | AN76: ='PP - Data'!AN150 -> 0.75903614 | AO76: ='PP - Data'!AO150 -> 0.85652174 | AP76: ='PP - Data'!AP150 -> 0.86878608 | AQ76: ='PP - Data'!AQ150 -> 0.86326461 | ... BO76: ='PP - Data'!BO150
A77: I saw a post about Bird Buddy on my friend's feed | B77: ='PP - Data'!B151 | C77: ='PP - Data'!C151 | D77: ='PP - Data'!D151 | E77: ='PP - Data'!E151 | F77: ='PP - Data'!F151 | G77: ='PP - Data'!G151 | H77: ='PP - Data'!H151 | I77: ='PP - Data'!I151 | ... AH77: ='PP - Data'!AH151 | AI77: I saw a post about Bird Buddy on my friend's feed | AJ77: ='PP - Data'!AJ151 -> 0.15 | AK77: ='PP - Data'!AK151 -> 0.16017316 | AL77: ='PP - Data'!AL151 -> 0.15 | AM77: ='PP - Data'!AM151 -> 0.11111111 | AN77: ='PP - Data'!AN151 -> 0.10843373 | AO77: ='PP - Data'!AO151 -> 0.034782609 | AP77: ='PP - Data'!AP151 -> 0.043638 | AQ77: ='PP - Data'!AQ151 -> 0.043959789 | ... BO77: ='PP - Data'!BO151
A78: I saw an organic post from Bird Buddy | B78: ='PP - Data'!B152 | C78: ='PP - Data'!C152 | D78: ='PP - Data'!D152 | E78: ='PP - Data'!E152 | F78: ='PP - Data'!F152 | G78: ='PP - Data'!G152 | H78: ='PP - Data'!H152 | I78: ='PP - Data'!I152 | ... AH78: ='PP - Data'!AH152 | AI78: I saw an organic post from Bird Buddy | AJ78: ='PP - Data'!AJ152 -> 0.086666667 | AK78: ='PP - Data'!AK152 -> 0.090909091 | AL78: ='PP - Data'!AL152 -> 0.083333333 | AM78: ='PP - Data'!AM152 -> 0.12962963 | AN78: ='PP - Data'!AN152 -> 0.13253012 | AO78: ='PP - Data'!AO152 -> 0.10869565 | AP78: ='PP - Data'!AP152 -> 0.087575917 | AQ78: ='PP - Data'!AQ152 -> 0.092775601 | ... BO78: ='PP - Data'!BO152
A80: Existing Customers
A82: % Who is this for?
A83: Just me | B83: ='PP - Data'!B163 | C83: ='PP - Data'!C163 | D83: ='PP - Data'!D163 | E83: ='PP - Data'!E163 | F83: ='PP - Data'!F163 | G83: ='PP - Data'!G163 | H83: ='PP - Data'!H163 | I83: ='PP - Data'!I163 | ... AH83: ='PP - Data'!AH163 | AI83: Just me | AJ83: ='PP - Data'!AJ163 -> 0.25915751 | AK83: ='PP - Data'!AK163 -> 0.27012522 | AL83: ='PP - Data'!AL163 -> 0.34235669 | AM83: ='PP - Data'!AM163 -> 0.32280702 | AN83: ='PP - Data'!AN163 -> 0.4109589 | AO83: ='PP - Data'!AO163 -> 0.38244514 | AP83: ='PP - Data'!AP163 -> 0.18913972 | AQ83: ='PP - Data'!AQ163 -> 0.22621641 | ... BO83: ='PP - Data'!BO163
A84: My parents | B84: ='PP - Data'!B164 | C84: ='PP - Data'!C164 | D84: ='PP - Data'!D164 | E84: ='PP - Data'!E164 | F84: ='PP - Data'!F164 | G84: ='PP - Data'!G164 | H84: ='PP - Data'!H164 | I84: ='PP - Data'!I164 | ... AH84: ='PP - Data'!AH164 | AI84: My parents | AJ84: ='PP - Data'!AJ164 -> 0.33424908 | AK84: ='PP - Data'!AK164 -> 0.24329159 | AL84: ='PP - Data'!AL164 -> 0.10987261 | AM84: ='PP - Data'!AM164 -> 0.1245614 | AN84: ='PP - Data'!AN164 -> 0.10045662 | AO84: ='PP - Data'!AO164 -> 0.062695925 | AP84: ='PP - Data'!AP164 -> 0.2928615 | AQ84: ='PP - Data'!AQ164 -> 0.25816993 | ... BO84: ='PP - Data'!BO164
A85: Spouse | B85: ='PP - Data'!B165 | C85: ='PP - Data'!C165 | D85: ='PP - Data'!D165 | E85: ='PP - Data'!E165 | F85: ='PP - Data'!F165 | G85: ='PP - Data'!G165 | H85: ='PP - Data'!H165 | I85: ='PP - Data'!I165 | ... AH85: ='PP - Data'!AH165 | AI85: Spouse | AJ85: ='PP - Data'!AJ165 -> 0.15659341 | AK85: ='PP - Data'!AK165 -> 0.13774597 | AL85: ='PP - Data'!AL165 -> 0.12420382 | AM85: ='PP - Data'!AM165 -> 0.13157895 | AN85: ='PP - Data'!AN165 -> 0.12328767 | AO85: ='PP - Data'!AO165 -> 0.15360502 | AP85: ='PP - Data'!AP165 -> 0.19890177 | AQ85: ='PP - Data'!AQ165 -> 0.19716776 | ... BO85: ='PP - Data'!BO165
A86: I will use with my family | B86: ='PP - Data'!B166 | C86: ='PP - Data'!C166 | D86: ='PP - Data'!D166 | E86: ='PP - Data'!E166 | F86: ='PP - Data'!F166 | G86: ='PP - Data'!G166 | H86: ='PP - Data'!H166 | I86: ='PP - Data'!I166 | ... AH86: ='PP - Data'!AH166 | AI86: I will use with my family | AJ86: ='PP - Data'!AJ166 -> 0.25 | AK86: ='PP - Data'!AK166 -> 0.34883721 | AL86: ='PP - Data'!AL166 -> 0.42356688 | AM86: ='PP - Data'!AM166 -> 0.42105263 | AN86: ='PP - Data'!AN166 -> 0.3652968 | AO86: ='PP - Data'!AO166 -> 0.40125392 | AP86: ='PP - Data'!AP166 -> 0.31909701 | AQ86: ='PP - Data'!AQ166 -> 0.3184459 | ... BO86: ='PP - Data'!BO166
A87: % Where did you hear about Bird Buddy?
A88: Facebook / Instagram | B88: ='PP - Data'!B178 | C88: ='PP - Data'!C178 | D88: ='PP - Data'!D178 | E88: ='PP - Data'!E178 | F88: ='PP - Data'!F178 | G88: ='PP - Data'!G178 | H88: ='PP - Data'!H178 | I88: ='PP - Data'!I178 | ... AH88: ='PP - Data'!AH178 | AI88: Facebook / Instagram | AJ88: ='PP - Data'!AJ178 -> 0.30637007 | AK88: ='PP - Data'!AK178 -> 0.35842294 | AL88: ='PP - Data'!AL178 -> 0.30573248 | AM88: ='PP - Data'!AM178 -> 0.30701754 | AN88: ='PP - Data'!AN178 -> 0.23744292 | AO88: ='PP - Data'!AO178 -> 0.3322884 | AP88: ='PP - Data'!AP178 -> 0.38682123 | AQ88: ='PP - Data'!AQ178 -> 0.3936093 | ... BO88: ='PP - Data'!BO178
A89: Friends / Family | B89: ='PP - Data'!B179 | C89: ='PP - Data'!C179 | D89: ='PP - Data'!D179 | E89: ='PP - Data'!E179 | F89: ='PP - Data'!F179 | G89: ='PP - Data'!G179 | H89: ='PP - Data'!H179 | I89: ='PP - Data'!I179 | ... AH89: ='PP - Data'!AH179 | AI89: Friends / Family | AJ89: ='PP - Data'!AJ179 -> 0.54701719 | AK89: ='PP - Data'!AK179 -> 0.48207885 | AL89: ='PP - Data'!AL179 -> 0.47452229 | AM89: ='PP - Data'!AM179 -> 0.49473684 | AN89: ='PP - Data'!AN179 -> 0.543379 | AO89: ='PP - Data'!AO179 -> 0.37774295 | AP89: ='PP - Data'!AP179 -> 0.42220866 | AQ89: ='PP - Data'!AQ179 -> 0.41721133 | ... BO89: ='PP - Data'!BO179
A90: TikTok | B90: ='PP - Data'!B180 | C90: ='PP - Data'!C180 | D90: ='PP - Data'!D180 | E90: ='PP - Data'!E180 | F90: ='PP - Data'!F180 | G90: ='PP - Data'!G180 | H90: ='PP - Data'!H180 | I90: ='PP - Data'!I180 | ... AH90: ='PP - Data'!AH180 | AI90: TikTok | AJ90: ='PP - Data'!AJ180 -> 0.022244692 | AK90: ='PP - Data'!AK180 -> 0.012544803 | AL90: ='PP - Data'!AL180 -> 0.0031847134 | AM90: ='PP - Data'!AM180 -> 0.0052631579 | AN90: ='PP - Data'!AN180 -> 0.01369863 | AO90: ='PP - Data'!AO180 -> 0.0015673981 | AP90: ='PP - Data'!AP180 -> 0.012202563 | AQ90: ='PP - Data'!AQ180 -> 0.014524328 | ... BO90: ='PP - Data'!BO180
A91: TV / Radio | B91: ='PP - Data'!B181 | C91: ='PP - Data'!C181 | D91: ='PP - Data'!D181 | E91: ='PP - Data'!E181 | F91: ='PP - Data'!F181 | G91: ='PP - Data'!G181 | H91: ='PP - Data'!H181 | I91: ='PP - Data'!I181 | ... AH91: ='PP - Data'!AH181 | AI91: TV / Radio | AJ91: ='PP - Data'!AJ181 -> 0.020222447 | AK91: ='PP - Data'!AK181 -> 0.025089606 | AL91: ='PP - Data'!AL181 -> 0.0079617834 | AM91: ='PP - Data'!AM181 -> 0.010526316 | AN91: ='PP - Data'!AN181 -> 0.0091324201 | AO91: ='PP - Data'!AO181 -> 0.015673981 | AP91: ='PP - Data'!AP181 -> 0.014643075 | AQ91: ='PP - Data'!AQ181 -> 0.01416122 | ... BO91: ='PP - Data'!BO181
A92: Blog / Article | B92: ='PP - Data'!B182 | C92: ='PP - Data'!C182 | D92: ='PP - Data'!D182 | E92: ='PP - Data'!E182 | F92: ='PP - Data'!F182 | G92: ='PP - Data'!G182 | H92: ='PP - Data'!H182 | I92: ='PP - Data'!I182 | ... AH92: ='PP - Data'!AH182 | AI92: Blog / Article | AJ92: ='PP - Data'!AJ182 -> 0.06875632 | AK92: ='PP - Data'!AK182 -> 0.044802867 | AL92: ='PP - Data'!AL182 -> 0.10987261 | AM92: ='PP - Data'!AM182 -> 0.08245614 | AN92: ='PP - Data'!AN182 -> 0.091324201 | AO92: ='PP - Data'!AO182 -> 0.15360502 | AP92: ='PP - Data'!AP182 -> 0.066503966 | AQ92: ='PP - Data'!AQ182 -> 0.061728395 | ... BO92: ='PP - Data'!BO182
A93: Reddit | B93: ='PP - Data'!B183 | C93: ='PP - Data'!C183 | D93: ='PP - Data'!D183 | E93: ='PP - Data'!E183 | F93: ='PP - Data'!F183 | G93: ='PP - Data'!G183 | H93: ='PP - Data'!H183 | I93: ='PP - Data'!I183 | ... AH93: ='PP - Data'!AH183 | AI93: Reddit | AJ93: ='PP - Data'!AJ183 -> 0.0070778564 | AK93: ='PP - Data'!AK183 -> 0.0053763441 | AL93: ='PP - Data'!AL183 -> 0.0063694268 | AM93: ='PP - Data'!AM183 -> 0.012280702 | AN93: ='PP - Data'!AN183 -> 0.01369863 | AO93: ='PP - Data'!AO183 -> 0.0094043887 | AP93: ='PP - Data'!AP183 -> 0.0091519219 | AQ93: ='PP - Data'!AQ183 -> 0.010530138 | ... BO93: ='PP - Data'!BO183
A94: Google, Youtube | B94: ='PP - Data'!B184 | C94: ='PP - Data'!C184 | D94: ='PP - Data'!D184 | E94: ='PP - Data'!E184 | F94: ='PP - Data'!F184 | G94: ='PP - Data'!G184 | H94: ='PP - Data'!H184 | I94: ='PP - Data'!I184 | ... AH94: ='PP - Data'!AH184 | AI94: Google, Youtube | AJ94: ='PP - Data'!AJ184 -> 0.027300303 | AK94: ='PP - Data'!AK184 -> 0.068100358 | AL94: ='PP - Data'!AL184 -> 0.090764331 | AM94: ='PP - Data'!AM184 -> 0.08245614 | AN94: ='PP - Data'!AN184 -> 0.091324201 | AO94: ='PP - Data'!AO184 -> 0.10188088 | AP94: ='PP - Data'!AP184 -> 0.087248322 | AQ94: ='PP - Data'!AQ184 -> 0.082425563 | ... BO94: ='PP - Data'!BO184
A95: Yahoo / Bing | B95: ='PP - Data'!B185 | C95: ='PP - Data'!C185 | D95: ='PP - Data'!D185 | E95: ='PP - Data'!E185 | F95: ='PP - Data'!F185 | G95: ='PP - Data'!G185 | H95: ='PP - Data'!H185 | I95: ='PP - Data'!I185 | ... AH95: ='PP - Data'!AH185 | AI95: Yahoo / Bing | AJ95: ='PP - Data'!AJ185 -> 0.0010111223 | AK95: ='PP - Data'!AK185 -> 0.0035842294 | AL95: ='PP - Data'!AL185 -> 0.0015923567 | AM95: ='PP - Data'!AM185 -> 0.0052631579 | AN95: ='PP - Data'!AN185 -> 0 | AO95: ='PP - Data'!AO185 -> 0.0078369906 | AP95: ='PP - Data'!AP185 -> 0.0012202563 | AQ95: ='PP - Data'!AQ185 -> 0.0058097313 | ... BO95: ='PP - Data'!BO185
A96: % Where on Facebook/Instagram have you heard about Bird Buddy?
A97: I saw an ad | B97: ='PP - Data'!B192 | C97: ='PP - Data'!C192 | D97: ='PP - Data'!D192 | E97: ='PP - Data'!E192 | F97: ='PP - Data'!F192 | G97: ='PP - Data'!G192 | H97: ='PP - Data'!H192 | I97: ='PP - Data'!I192 | ... AH97: ='PP - Data'!AH192 | AI97: I saw an ad | AJ97: ='PP - Data'!AJ192 -> 0.73267327 | AK97: ='PP - Data'!AK192 -> 0.755 | AL97: ='PP - Data'!AL192 -> 0.68229167 | AM97: ='PP - Data'!AM192 -> 0.73714286 | AN97: ='PP - Data'!AN192 -> 0.82692308 | AO97: ='PP - Data'!AO192 -> 0.6509434 | AP97: ='PP - Data'!AP192 -> 0.77444795 | AQ97: ='PP - Data'!AQ192 -> 0.78782288 | ... BO97: ='PP - Data'!BO192
A98: I saw a post about Bird Buddy on my friend's feed | B98: ='PP - Data'!B193 | C98: ='PP - Data'!C193 | D98: ='PP - Data'!D193 | E98: ='PP - Data'!E193 | F98: ='PP - Data'!F193 | G98: ='PP - Data'!G193 | H98: ='PP - Data'!H193 | I98: ='PP - Data'!I193 | ... AH98: ='PP - Data'!AH193 | AI98: I saw a post about Bird Buddy on my friend's feed | AJ98: ='PP - Data'!AJ193 -> 0.082508251 | AK98: ='PP - Data'!AK193 -> 0.115 | AL98: ='PP - Data'!AL193 -> 0.11458333 | AM98: ='PP - Data'!AM193 -> 0.04 | AN98: ='PP - Data'!AN193 -> 0.019230769 | AO98: ='PP - Data'!AO193 -> 0.099056604 | AP98: ='PP - Data'!AP193 -> 0.074132492 | AQ98: ='PP - Data'!AQ193 -> 0.04704797 | ... BO98: ='PP - Data'!BO193
A99: I saw an organic post from Bird Buddy | B99: ='PP - Data'!B194 | C99: ='PP - Data'!C194 | D99: ='PP - Data'!D194 | E99: ='PP - Data'!E194 | F99: ='PP - Data'!F194 | G99: ='PP - Data'!G194 | H99: ='PP - Data'!H194 | I99: ='PP - Data'!I194 | ... AH99: ='PP - Data'!AH194 | AI99: I saw an organic post from Bird Buddy | AJ99: ='PP - Data'!AJ194 -> 0.18481848 | AK99: ='PP - Data'!AK194 -> 0.13 | AL99: ='PP - Data'!AL194 -> 0.203125 | AM99: ='PP - Data'!AM194 -> 0.22285714 | AN99: ='PP - Data'!AN194 -> 0.15384615 | AO99: ='PP - Data'!AO194 -> 0.25 | AP99: ='PP - Data'!AP194 -> 0.15141956 | AQ99: ='PP - Data'!AQ194 -> 0.16512915 | ... BO99: ='PP - Data'!BO194

Sheet PP - Data (YEARLY)
A1: Post-purchase Survey | B1: 2021 | C1: 2022 | D1: 2023 | E1: 2024 | F1: 2025 | G1: 2026 | H1: Total | I1: %
A2: DTC Orders (wo renewals) | B2: =sum('PP - Data'!B3:G3) -> 8048 | C2: =sum('PP - Data'!H3:S3) -> 49689 | D2: =sum('PP - Data'!T3:AE3) -> 117142 | E2: =sum('PP - Data'!AF3:AQ3) -> 120235 | F2: =sum('PP - Data'!AR3:BC3) -> 155414 | G2: =sum('PP - Data'!BD3:BO3) -> 35336
A3: Response rate (%) | B3: =B17/B2 -> 0.5570328 | C3: =C17/C2 -> 0.37390569 | D3: =D17/D2 -> 0.4823206 | E3: =E17/E2 -> 0.5144675 | F3: =F17/F2 -> 0.50474217 | G3: =G17/G2 -> 0.52433779
A4: All Customers
A6: Where did you hear about Bird Buddy?
A7: Facebook / Instagram | B7: =SUM('PP - Data'!B8:G8) -> 2707 | C7: =SUM('PP - Data'!H8:S8) -> 11102 | D7: =sum('PP - Data'!T8:AE8) -> 25875 | E7: =sum('PP - Data'!AF8:AQ8) -> 32628 | F7: =sum('PP - Data'!AR8:BC8) -> 41295 | G7: =sum('PP - Data'!BD8:BO8) -> 6580 | H7: =SUM(B7:G7) -> 120187 | I7: =iferror(H7/$H$17,"") -> 0.50415913
A8: Friends / Family | B8: =SUM('PP - Data'!B9:G9) -> 623 | C8: =SUM('PP - Data'!H9:S9) -> 3554 | D8: =sum('PP - Data'!T9:AE9) -> 19727 | E8: =sum('PP - Data'!AF9:AQ9) -> 20120 | F8: =sum('PP - Data'!AR9:BC9) -> 25680 | G8: =sum('PP - Data'!BD9:BO9) -> 9028 | H8: =SUM(B8:G8) -> 78732 | I8: =iferror(H8/$H$17,"") -> 0.33026415
A9: Google, Yahoo, Bing | B9: =SUM('PP - Data'!B10:G10) -> 269 | C9: =SUM('PP - Data'!H10:S10) -> 782 | D9: =sum('PP - Data'!T10:AE10) -> 269 | H9: =SUM(B9:G9) -> 1320 | I9: =iferror(H9/$H$17,"") -> 0.0055371218
A10: Pinterest | B10: =SUM('PP - Data'!B11:G11) -> 71 | C10: =SUM('PP - Data'!H11:S11) -> 69 | D10: =sum('PP - Data'!T11:AE11) -> 18 | H10: =SUM(B10:G10) -> 158 | I10: =iferror(H10/$H$17,"") -> 0.0006627767
A11: TikTok | B11: =SUM('PP - Data'!B12:G12) -> 40 | C11: =SUM('PP - Data'!H12:S12) -> 1824 | D11: =sum('PP - Data'!T12:AE12) -> 1256 | E11: =sum('PP - Data'!AF12:AQ12) -> 1275 | F11: =sum('PP - Data'!AR12:BC12) -> 1366 | G11: =sum('PP - Data'!BD12:BO12) -> 219 | H11: =SUM(B11:G11) -> 5980 | I11: =iferror(H11/$H$17,"") -> 0.02508484
A12: TV / Radio | B12: =SUM('PP - Data'!B13:G13) -> 609 | C12: =SUM('PP - Data'!H13:S13) -> 283 | D12: =sum('PP - Data'!T13:AE13) -> 1974 | E12: =sum('PP - Data'!AF13:AQ13) -> 842 | F12: =sum('PP - Data'!AR13:BC13) -> 982 | G12: =sum('PP - Data'!BD13:BO13) -> 201 | H12: =SUM(B12:G12) -> 4891 | I12: =iferror(H12/$H$17,"") -> 0.020516714
A13: Blog / Article | B13: =SUM('PP - Data'!B14:G14) -> 164 | C13: =SUM('PP - Data'!H14:S14) -> 959 | D13: =sum('PP - Data'!T14:AE14) -> 3521 | E13: =sum('PP - Data'!AF14:AQ14) -> 2423 | F13: =sum('PP - Data'!AR14:BC14) -> 2608 | G13: =sum('PP - Data'!BD14:BO14) -> 718 | H13: =SUM(B13:G13) -> 10393 | I13: =iferror(H13/$H$17,"") -> 0.043596444
A14: Google / Youtube | C14: =SUM('PP - Data'!H15:S15) -> 6 | D14: =sum('PP - Data'!T15:AE15) -> 3323 | E14: =sum('PP - Data'!AF15:AQ15) -> 3921 | F14: =sum('PP - Data'!AR15:BC15) -> 5580 | G14: =sum('PP - Data'!BD15:BO15) -> 1535 | H14: =SUM(B14:G14) -> 14365 | I14: =iferror(H14/$H$17,"") -> 0.060258147
A15: Reddit | D15: =sum('PP - Data'!T16:AE16) -> 397 | E15: =sum('PP - Data'!AF16:AQ16) -> 476 | F15: =sum('PP - Data'!AR16:BC16) -> 715 | G15: =sum('PP - Data'!BD16:BO16) -> 189 | H15: =SUM(B15:G15) -> 1777 | I15: =iferror(H15/$H$17,"") -> 0.0074541405
A16: Yahoo / Bing | D16: =sum('PP - Data'!T17:AE17) -> 140 | E16: =sum('PP - Data'!AF17:AQ17) -> 172 | F16: =sum('PP - Data'!AR17:BC17) -> 218 | G16: =sum('PP - Data'!BD17:BO17) -> 58 | H16: =SUM(B16:G16) -> 588 | I16: =iferror(H16/$H$17,"") -> 0.0024665361
A17: Total submissions: | B17: =SUM(B7:B16) -> 4483 | C17: =SUM(C7:C16) -> 18579 | D17: =SUM(D7:D16) -> 56500 | E17: =SUM(E7:E16) -> 61857 | F17: =SUM(F7:F16) -> 78444 | G17: =SUM(G7:G16) -> 18528 | H17: =SUM(B17:G17) -> 238391 | I17: =SUM(I7:I15) -> 0.99753346
A18: % Where did you hear about Bird Buddy?
A19: Facebook / Instagram | B19: =iferror(B7/B$17,"") -> 0.60383672 | C19: =iferror(C7/C$17,"") -> 0.59755638 | D19: =iferror(D7/D$17,"") -> 0.4579646 | E19: =iferror(E7/E$17,"") -> 0.52747466 | F19: =iferror(F7/F$17,"") -> 0.5264265 | G19: =iferror(G7/G$17,"") -> 0.35513817
A20: Friends / Family | B20: =iferror(B8/B$17,"") -> 0.13896944 | C20: =iferror(C8/C$17,"") -> 0.19129124 | D20: =iferror(D8/D$17,"") -> 0.34915044 | E20: =iferror(E8/E$17,"") -> 0.32526634 | F20: =iferror(F8/F$17,"") -> 0.32736729 | G20: =iferror(G8/G$17,"") -> 0.48726252
A21: Google, Yahoo, Bing | B21: =iferror(B9/B$17,"") -> 0.060004461 | C21: =iferror(C9/C$17,"") -> 0.042090532 | D21: =iferror(D9/D$17,"") -> 0.0047610619
A22: Pinterest | B22: =iferror(B10/B$17,"") -> 0.015837609 | C22: =iferror(C10/C$17,"") -> 0.0037138705 | D22: =iferror(D10/D$17,"") -> 0.00031858407
A23: TikTok | B23: =iferror(B11/B$17,"") -> 0.0089225965 | C23: =iferror(C11/C$17,"") -> 0.098175359 | D23: =iferror(D11/D$17,"") -> 0.022230088 | E23: =iferror(E11/E$17,"") -> 0.020612057 | F23: =iferror(F11/F$17,"") -> 0.017413696 | G23: =iferror(G11/G$17,"") -> 0.011819948
A24: TV / Radio | B24: =iferror(B12/B$17,"") -> 0.13584653 | C24: =iferror(C12/C$17,"") -> 0.015232251 | D24: =iferror(D12/D$17,"") -> 0.034938053 | E24: =iferror(E12/E$17,"") -> 0.013612041 | F24: =iferror(F12/F$17,"") -> 0.012518485 | G24: =iferror(G12/G$17,"") -> 0.010848446
A25: Blog / Article | B25: =iferror(B13/B$17,"") -> 0.036582646 | C25: =iferror(C13/C$17,"") -> 0.051617418 | D25: =iferror(D13/D$17,"") -> 0.062318584 | E25: =iferror(E13/E$17,"") -> 0.039170991 | F25: =iferror(F13/F$17,"") -> 0.033246647 | G25: =iferror(G13/G$17,"") -> 0.038752159
A26: Google / Youtube | C26: =iferror(C14/C$17,"") -> 0.00032294526 | D26: =iferror(D14/D$17,"") -> 0.058814159 | E26: =iferror(E14/E$17,"") -> 0.063388137 | F26: =iferror(F14/F$17,"") -> 0.071133548 | G26: =iferror(G14/G$17,"") -> 0.082847582
A27: Reddit | D27: =iferror(D15/D$17,"") -> 0.0070265487 | E27: =iferror(E15/E$17,"") -> 0.0076951679 | F27: =iferror(F15/F$17,"") -> 0.0091147825 | G27: =iferror(G15/G$17,"") -> 0.010200777
A28: Yahoo / Bing | D28: =iferror(D16/D$17,"") -> 0.0024778761 | E28: =iferror(E16/E$17,"") -> 0.0027806069 | F28: =iferror(F16/F$17,"") -> 0.0027790526 | G28: =iferror(G16/G$17,"") -> 0.0031303972
A31: Where on Facebook/Instagram have you heard about Bird Buddy?
A32: I saw an ad | D32: =SUM('PP - Data'!AC33:AE33) -> 14033 | E32: =SUM('PP - Data'!AF33:AQ33) -> 27083 | F32: =SUM('PP - Data'!AR33:BC33) -> 34324 | G32: =SUM('PP - Data'!BD33:BO33) -> 5172 | H32: =SUM(B32:G32) -> 80612 | I32: =iferror(H32/H$35,"") -> 0.83470013
A33: I saw a post about Bird Buddy on my friend's feed | D33: =SUM('PP - Data'!AC34:AE34) -> 985 | E33: =SUM('PP - Data'!AF34:AQ34) -> 1826 | F33: =SUM('PP - Data'!AR34:BC34) -> 2303 | G33: =SUM('PP - Data'!BD34:BO34) -> 506 | H33: =SUM(B33:G33) -> 5620 | I33: =iferror(H33/H$35,"") -> 0.058192512
A34: I saw an organic post from Bird Buddy | D34: =SUM('PP - Data'!AC35:AE35) -> 1407 | E34: =SUM('PP - Data'!AF35:AQ35) -> 3366 | F34: =SUM('PP - Data'!AR35:BC35) -> 4669 | G34: =SUM('PP - Data'!BD35:BO35) -> 902 | H34: =SUM(B34:G34) -> 10344 | I34: =iferror(H34/H$35,"") -> 0.10710736
A35: Total submissions: | D35: =SUM(D32:D34) -> 16425 | E35: =SUM(E32:E34) -> 32275 | F35: =SUM(F32:F34) -> 41296 | G35: =SUM(G32:G34) -> 6580 | H35: =SUM(B35:G35) -> 96576 | I35: =SUM(I32:I34) -> 1
A36: % Where on Facebook/Instagram have you heard about Bird Buddy?
A37: I saw an ad | C37: I saw an ad | D37: =iferror(D32/D$35,"") -> 0.85436834 | E37: =iferror(E32/E$35,"") -> 0.83913246 | F37: =iferror(F32/F$35,"") -> 0.83117009 | G37: =iferror(G32/G$35,"") -> 0.78601824
A38: I saw a post about Bird Buddy on my friend's feed | C38: I saw a post about Bird Buddy on my friend's feed | D38: =iferror(D33/D$35,"") -> 0.059969559 | E38: =iferror(E33/E$35,"") -> 0.056576297 | F38: =iferror(F33/F$35,"") -> 0.055768113 | G38: =iferror(G33/G$35,"") -> 0.076899696
A39: I saw an organic post from Bird Buddy | C39: I saw an organic post from Bird Buddy | D39: =iferror(D34/D$35,"") -> 0.0856621 | E39: =iferror(E34/E$35,"") -> 0.10429125 | F39: =iferror(F34/F$35,"") -> 0.1130618 | G39: =iferror(G34/G$35,"") -> 0.13708207
A42: Who is this for?
A43: Just me | D43: =sum('PP - Data'!AD44:AE44) -> 1615 | E43: =sum('PP - Data'!AF44:AQ44) -> 8097 | F43: =sum('PP - Data'!AR44:BC44) -> 8016 | G43: =sum('PP - Data'!BD44:BO44) -> 289 | H43: =SUM(B43:G43) -> 18017 | I43: =iferror(H43/H$47,"") -> 0.10101537
A44: My parents | D44: =sum('PP - Data'!AD45:AE45) -> 16937 | E44: =sum('PP - Data'!AF45:AQ45) -> 23147 | F44: =sum('PP - Data'!AR45:BC45) -> 23227 | G44: =sum('PP - Data'!BD45:BO45) -> 2710 | H44: =SUM(B44:G44) -> 66021 | I44: =iferror(H44/H$47,"") -> 0.37015794
A45: Spouse | D45: =sum('PP - Data'!AD46:AE46) -> 9865 | E45: =sum('PP - Data'!AF46:AQ46) -> 17122 | F45: =sum('PP - Data'!AR46:BC46) -> 23861 | G45: =sum('PP - Data'!BD46:BO46) -> 4293 | H45: =SUM(B45:G45) -> 55141 | I45: =iferror(H45/H$47,"") -> 0.30915737
A46: I will use with my family | D46: =sum('PP - Data'!AD47:AE47) -> 6502 | E46: =sum('PP - Data'!AF47:AQ47) -> 14054 | F46: =sum('PP - Data'!AR47:BC47) -> 16768 | G46: =sum('PP - Data'!BD47:BO47) -> 1856 | H46: =SUM(B46:G46) -> 39180 | I46: =iferror(H46/H$47,"") -> 0.21966932
A47: Total submissions: | D47: =sum(D43:D46) -> 34919 | E47: =sum(E43:E46) -> 62420 | F47: =sum(F43:F46) -> 71872 | G47: =sum(G43:G46) -> 9148 | H47: =SUM(B47:G47) -> 178359 | I47: =SUM(I43:I46) -> 1
A48: % Who is this for?
A49: Just me | C49: Just me | D49: =iferror(D43/D$47,"") -> 0.046249893 | E49: =iferror(E43/E$47,"") -> 0.12971804 | F49: =iferror(F43/F$47,"") -> 0.11153161 | G49: =iferror(G43/G$47,"") -> 0.031591605
A50: My parents | C50: My parents | D50: =iferror(D44/D$47,"") -> 0.4850368 | E50: =iferror(E44/E$47,"") -> 0.37082666 | F50: =iferror(F44/F$47,"") -> 0.32317175 | G50: =iferror(G44/G$47,"") -> 0.29623962
A51: Spouse | C51: Spouse | D51: =iferror(D45/D$47,"") -> 0.28251095 | E51: =iferror(E45/E$47,"") -> 0.27430311 | F51: =iferror(F45/F$47,"") -> 0.33199299 | G51: =iferror(G45/G$47,"") -> 0.4692829
A52: I will use with my family | C52: I will use with my family | D52: =iferror(D46/D$47,"") -> 0.18620235 | E52: =iferror(E46/E$47,"") -> 0.22515219 | F52: =iferror(F46/F$47,"") -> 0.23330365 | G52: =iferror(G46/G$47,"") -> 0.20288588
A55: Did you buy this for your household?
A56: Yes | E56: =sum('PP - Data'!AK57:AQ57) -> 25644 | F56: =sum('PP - Data'!AR57:BC57) -> 52149 | G56: =sum('PP - Data'!BD57:BO57) -> 15108 | H56: =SUM(B56:G56) -> 92901 | I56: =iferror(H56/H$58,"") -> 0.64894033
A57: No | E57: =sum('PP - Data'!AK58:AQ58) -> 20541 | F57: =sum('PP - Data'!AR58:BC58) -> 26296 | G57: =sum('PP - Data'!BD58:BO58) -> 3420 | H57: =SUM(B57:G57) -> 50257 | I57: =iferror(H57/H$58,"") -> 0.35105967
A58: Total submissions: | E58: =sum(E56:E57) -> 46185 | F58: =sum(F56:F57) -> 78445 | G58: =sum(G56:G57) -> 18528 | H58: =SUM(B58:G58) -> 143158 | I58: =SUM(I56:I57) -> 1
A59: % Did you buy this for your household?
A60: Yes | D60: Yes | E60: =iferror(E56/E$58,"") -> 0.55524521 | F60: =iferror(F56/F$58,"") -> 0.66478424 | G60: =iferror(G56/G$58,"") -> 0.81541451
A61: No | D61: No | E61: =iferror(E57/E$58,"") -> 0.44475479 | F61: =iferror(F57/F$58,"") -> 0.33521576 | G61: =iferror(G57/G$58,"") -> 0.18458549
A63: Did you buy this as a gift?
A64: Yes | E64: =sum('PP - Data'!AK65:AQ65) -> 40117 | F64: =sum('PP - Data'!AR65:BC65) -> 58056 | G64: =sum('PP - Data'!BD65:BO65) -> 9148 | H64: =SUM(B64:G64) -> 107321 | I64: =iferror(H64/H$66,"") -> 0.74967344
A65: No | E65: =sum('PP - Data'!AK66:AQ66) -> 6068 | F65: =sum('PP - Data'!AR66:BC66) -> 20388 | G65: =sum('PP - Data'!BD66:BO66) -> 9380 | H65: =SUM(B65:G65) -> 35836 | I65: =iferror(H65/H$66,"") -> 0.25032656
A66: Total submissions: | E66: =sum(E64:E65) -> 46185 | F66: =sum(F64:F65) -> 78444 | G66: =sum(G64:G65) -> 18528 | H66: =SUM(B66:G66) -> 143157 | I66: =SUM(I64:I65) -> 1
A67: % Did you buy this as a gift?
A68: Yes | D68: Yes | E68: =iferror(E64/E$66,"") -> 0.86861535 | F68: =iferror(F64/F$66,"") -> 0.74009484 | G68: =iferror(G64/G$66,"") -> 0.49373921
A69: No | D69: No | E69: =iferror(E65/E$66,"") -> 0.13138465 | F69: =iferror(F65/F$66,"") -> 0.25990516 | G69: =iferror(G65/G$66,"") -> 0.50626079
A71: Are you a new or existing customer?
A72: New customer | E72: =sum('PP - Data'!AJ73:AQ73) -> 40730 | F72: =sum('PP - Data'!AR73:BC73) -> 58202 | G72: =sum('PP - Data'!BD73:BO73) -> 9358 | H72: =SUM(B72:G72) -> 108290 | I72: =iferror(H72/H$74,"") -> 0.74272467
A73: Existing customer | E73: =sum('PP - Data'!AJ74:AQ74) -> 8099 | F73: =sum('PP - Data'!AR74:BC74) -> 20242 | G73: =sum('PP - Data'!BD74:BO74) -> 9170 | H73: =SUM(B73:G73) -> 37511 | I73: =iferror(H73/H$74,"") -> 0.25727533
A74: Total submissions: | E74: =sum(E72:E73) -> 48829 | F74: =sum(F72:F73) -> 78444 | G74: =sum(G72:G73) -> 18528 | H74: =SUM(B74:G74) -> 145801 | I74: =SUM(I72:I73) -> 1
A75: % Are you a new or existing customer?
A76: New customer | D76: New customer | E76: =iferror(E72/E$74,"") -> 0.83413545 | F76: =iferror(F72/F$74,"") -> 0.74195605 | G76: =iferror(G72/G$74,"") -> 0.5050734
A77: Existing customer | D77: Existing customer | E77: =iferror(E73/E$74,"") -> 0.16586455 | F77: =iferror(F73/F$74,"") -> 0.25804395 | G77: =iferror(G73/G$74,"") -> 0.4949266
A79: Will Bird Buddy be the first bird feeder in your yard?
A80: Yes | F80: =sum('PP - Data'!AR81:BC81) -> 26596 | G80: =sum('PP - Data'!BD81:BO81) -> 5587 | H80: =SUM(B80:G80) -> 32183 | I80: =iferror(H80/H$82,"") -> 0.35489563
A81: No | F81: =sum('PP - Data'!AR82:BC82) -> 45559 | G81: =sum('PP - Data'!BD82:BO82) -> 12941 | H81: =SUM(B81:G81) -> 58500 | I81: =iferror(H81/H$82,"") -> 0.64510437
A82: Total submissions: | F82: =sum(F80:F81) -> 72155 | G82: =sum(G80:G81) -> 18528 | H82: =SUM(B82:G82) -> 90683 | I82: =SUM(I80:I81) -> 1
A83: % Will Bird Buddy be the first bird feeder in your yard?
A84: Yes | E84: Yes | F84: =iferror(F80/F$82,"") -> 0.36859538 | G84: =iferror(G80/G$82,"") -> 0.30154361
A85: No | E85: No | F85: =iferror(F81/F$82,"") -> 0.63140462 | G85: =iferror(G81/G$82,"") -> 0.69845639
A87: How old are you?
A88: 18-24 | E88: =sum('PP - Data'!AJ89:AQ89) -> 1197 | F88: =sum('PP - Data'!AR89:BC89) -> 1677 | G88: =sum('PP - Data'!BD89:BO89) -> 235 | H88: =SUM(B88:G88) -> 3109 | I88: =iferror(H88/H$94,"") -> 0.022575773
A89: 25-34 | E89: =sum('PP - Data'!AJ90:AQ90) -> 6321 | F89: =sum('PP - Data'!AR90:BC90) -> 8392 | G89: =sum('PP - Data'!BD90:BO90) -> 1387 | H89: =SUM(B89:G89) -> 16100 | I89: =iferror(H89/H$94,"") -> 0.11690896
A90: 35-44 | E90: =sum('PP - Data'!AJ91:AQ91) -> 10734 | F90: =sum('PP - Data'!AR91:BC91) -> 17115 | G90: =sum('PP - Data'!BD91:BO91) -> 3458 | H90: =SUM(B90:G90) -> 31307 | I90: =iferror(H90/H$94,"") -> 0.22733346
A91: 45-54 | E91: =sum('PP - Data'!AJ92:AQ92) -> 10569 | F91: =sum('PP - Data'!AR92:BC92) -> 18470 | G91: =sum('PP - Data'!BD92:BO92) -> 4161 | H91: =SUM(B91:G91) -> 33200 | I91: =iferror(H91/H$94,"") -> 0.24107934
A92: 55-64 | E92: =sum('PP - Data'!AJ93:AQ93) -> 7484 | F92: =sum('PP - Data'!AR93:BC93) -> 17085 | G92: =sum('PP - Data'!BD93:BO93) -> 4490 | H92: =SUM(B92:G92) -> 29059 | I92: =iferror(H92/H$94,"") -> 0.21100977
A93: 65+ | E93: =sum('PP - Data'!AJ94:AQ94) -> 4437 | F93: =sum('PP - Data'!AR94:BC94) -> 15705 | G93: =sum('PP - Data'!BD94:BO94) -> 4797 | H93: =SUM(B93:G93) -> 24939 | I93: =iferror(H93/H$94,"") -> 0.1810927
A94: How old are you? | E94: =sum(E88:E93) -> 40742 | F94: =sum(F88:F93) -> 78444 | G94: =sum(G88:G93) -> 18528 | H94: =SUM(B94:G94) -> 137714 | I94: =SUM(I88:I93) -> 1
A95: % Are you a new or existing customer?
A96: 18-24 | D96: 18-24 | E96: =iferror(E88/E$94,"") -> 0.029380001 | F96: =iferror(F88/F$94,"") -> 0.021378308 | G96: =iferror(G88/G$94,"") -> 0.012683506
A97: 25-34 | D97: 25-34 | E97: =iferror(E89/E$94,"") -> 0.15514702 | F97: =iferror(F89/F$94,"") -> 0.10698078 | G97: =iferror(G89/G$94,"") -> 0.074859672
A98: 35-44 | D98: 35-44 | E98: =iferror(E90/E$94,"") -> 0.26346277 | F98: =iferror(F90/F$94,"") -> 0.21818112 | G98: =iferror(G90/G$94,"") -> 0.18663644
A99: 45-54 | D99: 45-54 | E99: =iferror(E91/E$94,"") -> 0.25941289 | F99: =iferror(F91/F$94,"") -> 0.23545459 | G99: =iferror(G91/G$94,"") -> 0.22457902
A100: 55-64 | D100: 55-64 | E100: =iferror(E92/E$94,"") -> 0.1836925 | F100: =iferror(F92/F$94,"") -> 0.21779868 | G100: =iferror(G92/G$94,"") -> 0.24233592
A101: 65+ | D101: 65+ | E101: =iferror(E93/E$94,"") -> 0.10890482 | F101: =iferror(F93/F$94,"") -> 0.20020652 | G101: =iferror(G93/G$94,"") -> 0.25890544
A103: What is your gender?
A104: Male | E104: =sum('PP - Data'!AJ105:AQ105) -> 16988 | F104: =sum('PP - Data'!AR105:BC105) -> 34866 | G104: =sum('PP - Data'!BD105:BO105) -> 8490 | H104: =SUM(B104:G104) -> 60344 | I104: =iferror(H104/H$106,"") -> 0.43818348
A105: Female | E105: =sum('PP - Data'!AJ106:AQ106) -> 23754 | F105: =sum('PP - Data'!AR106:BC106) -> 43578 | G105: =sum('PP - Data'!BD106:BO106) -> 10038 | H105: =SUM(B105:G105) -> 77370 | I105: =iferror(H105/H$106,"") -> 0.56181652
A106: Total submissions: | E106: =sum(E104:E105) -> 40742 | F106: =sum(F104:F105) -> 78444 | G106: =sum(G104:G105) -> 18528 | H106: =SUM(B106:G106) -> 137714 | I106: =SUM(I104:I105) -> 1
A107: What is your gender?
A108: Male | D108: Male | E108: =iferror(E104/E$106,"") -> 0.41696529 | F108: =iferror(F104/F$106,"") -> 0.44446994 | G108: =iferror(G104/G$106,"") -> 0.45822539
A109: Female | D109: Female | E109: =iferror(E105/E$106,"") -> 0.58303471 | F109: =iferror(F105/F$106,"") -> 0.55553006 | G109: =iferror(G105/G$106,"") -> 0.54177461
A111: New Customers
A113: Who is this for?
A114: Just me | E114: =sum('PP - Data'!AJ115:AQ115) -> 1892 | F114: =sum('PP - Data'!AR115:BC115) -> 3746 | G114: =sum('PP - Data'!BD115:BO115) -> 157 | H114: =SUM(B114:G114) -> 5795 | I114: =iferror(H114/H$118,"") -> 0.057253228
...

Sheet Where did you hear about Bird B

Sheet Where on FacebookInstagram have

Sheet Demographic Qs

Sheet Other Qs

Sheet New vs. Existing Costumers
